000,1,0.77,2.26,2.61,0.4,-0.35
000,2,0.75,2.42,2.49,0.4,-0.38
000,3,0.75,2.49,2.43,0.4,-0.38
000,4,0.81,2.5,2.45,0.4,-0.39
000,5,0.88,2.45,2.42,0.4,-0.39
000,6,0.8,2.51,2.48,0.41,-0.4
000,7,0.88,2.51,2.49,0.42,-0.4
000,8,0.85,2.53,2.49,0.42,-0.4
000,9,0.8,2.56,2.5,0.42,-0.4
000,10,0.8,2.56,2.5,0.42,-0.4
000,11,0.78,2.6,2.52,0.42,-0.4
000,12,0.81,2.61,2.53,0.42,-0.4
000,13,0.83,2.59,2.54,0.42,-0.4
000,14,0.79,2.61,2.5,0.42,-0.4
000,15,0.78,2.8,2.38,0.42,-0.4
000,16,0.83,2.73,2.41,0.42,-0.4
000,17,0.7,2.88,2.49,0.4,-0.41
000,18,0.84,2.69,2.58,0.41,-0.41
000,19,0.77,2.61,2.52,0.41,-0.41
000,20,0.69,2.45,2.54,0.44,-0.41
000,21,0.42,2.39,2.56,0.44,-0.4
000,22,0.37,2.39,2.57,0.45,-0.4
000,23,0.37,2.38,2.57,0.45,-0.4
000,24,0.38,2.4,2.52,0.44,-0.4
000,25,0.41,2.42,2.53,0.44,-0.4
000,26,0.43,2.43,2.54,0.44,-0.39
000,27,0.39,2.45,2.52,0.44,-0.39
000,28,0.38,2.45,2.5,0.44,-0.39
000,29,0.41,2.49,2.48,0.43,-0.4
000,30,0.45,2.58,2.48,0.45,-0.41
000,31,0.42,2.61,2.36,0.43,-0.41
000,32,0.47,2.63,2.26,0.44,-0.41
000,33,0.68,2.61,1.97,0.39,-0.41
000,34,0.54,2.29,1.35,0.42,-0.41
000,35,0.38,1.93,1.03,0.41,-0.41
000,36,0.58,1.89,0.78,0.38,-0.41
000,37,0.56,1.47,0.62,0.41,-0.4
000,38,0.52,1.38,0.53,0.36,-0.39
000,39,0.52,1.09,0.34,0.26,-0.37
000,40,0.49,1.4,0.36,0.26,-0.39
000,41,0.53,1.18,0.33,0.29,-0.37
000,42,0.69,1.08,0.25,0.29,-0.36
000,43,0.77,1.07,0.24,0.32,-0.36
000,44,0.74,1.04,0.26,0.31,-0.36
000,45,0.74,1.11,0.3,0.38,-0.37
000,46,0.78,1.17,0.32,0.41,-0.37
000,47,0.8,1.53,0.57,0.41,-0.39
000,48,0.57,1.87,0.8,0.43,-0.4
000,49,0.7,2.08,0.94,0.4,-0.37
000,50,0.98,2.18,1.12,0.41,-0.37
000,51,0.78,2.11,1.38,0.41,-0.37
000,52,0.88,2.24,1.78,0.38,-0.36
000,53,0.73,2.31,2.15,0.37,-0.35
000,54,0.67,2.38,2.36,0.39,-0.37
000,55,0.62,2.24,2.76,0.46,-0.39
000,56,0.58,2.47,2.78,0.46,-0.4
000,57,0.51,2.58,2.72,0.44,-0.4
000,58,0.47,2.63,2.56,0.42,-0.4
000,59,0.44,2.6,2.34,0.41,-0.4
000,60,0.53,2.62,2.13,0.33,-0.39
000,61,0.56,2.74,2.17,0.39,-0.4
000,62,0.58,2.85,2.07,0.4,-0.4
000,63,0.56,3.01,2.16,0.41,-0.4
000,64,0.48,2.99,2.1,0.38,-0.4
000,65,0.58,3.0,2.25,0.41,-0.41
000,66,0.57,2.92,2.43,0.4,-0.4
000,67,0.67,2.8,2.46,0.38,-0.4
000,68,0.52,2.7,2.47,0.38,-0.41
000,69,0.6,2.54,2.07,0.34,-0.4
000,70,0.53,2.27,1.75,0.33,-0.4
000,71,1.58,1.77,1.52,0.37,-0.4
000,72,0.7,1.59,1.14,0.37,-0.39
000,73,0.36,1.27,0.49,0.46,-0.39
000,74,0.45,1.91,0.42,0.47,-0.39
000,75,0.53,1.0,0.29,0.41,-0.37
000,76,0.54,1.12,0.36,0.36,-0.38
000,77,0.5,1.31,0.4,0.34,-0.39
000,78,0.53,1.27,0.33,0.32,-0.38
000,79,0.49,1.65,0.67,0.31,-0.38
000,80,0.63,1.85,0.76,0.39,-0.4
000,81,0.97,2.06,1.07,0.45,-0.4
000,82,1.01,2.17,1.22,0.38,-0.4
000,83,0.89,2.04,1.41,0.37,-0.37
000,84,1.08,2.3,1.81,0.35,-0.38
000,85,0.5,2.6,2.25,0.29,-0.36
000,86,0.72,2.5,2.6,0.34,-0.38
000,87,0.48,2.48,2.65,0.32,-0.37
000,88,0.61,2.55,2.63,0.35,-0.37
000,89,0.82,2.63,2.64,0.36,-0.37
000,90,1.0,2.75,2.7,0.35,-0.36
000,91,0.9,2.57,2.47,0.38,-0.36
000,92,0.8,2.57,2.39,0.38,-0.37
000,93,0.96,2.6,2.44,0.42,-0.38
000,94,0.86,2.73,2.32,0.4,-0.4
000,95,0.9,2.66,2.1,0.42,-0.4
000,96,1.33,2.52,2.31,0.35,-0.38
000,97,1.43,2.43,2.05,0.35,-0.4
000,98,1.76,2.27,1.83,0.35,-0.39
000,99,1.9,1.87,1.32,0.33,-0.38
000,100,1.89,1.69,1.0,0.39,-0.4
000,101,0.65,0.82,0.27,0.43,-0.34
000,102,0.54,1.63,0.29,0.55,-0.4
000,103,0.67,1.23,0.25,0.41,-0.4
000,104,0.75,1.05,0.26,0.36,-0.38
000,105,0.9,1.7,0.33,0.4,-0.4
000,106,0.91,1.19,0.35,0.31,-0.38
000,107,0.88,1.38,0.44,0.38,-0.39
000,108,0.9,1.5,0.58,0.43,-0.39
000,109,1.13,1.55,0.77,0.43,-0.39
000,110,1.23,1.79,0.99,0.35,-0.38
000,111,1.27,2.22,1.24,0.34,-0.39
000,112,1.03,2.2,1.38,0.37,-0.4
000,113,1.03,2.44,1.87,0.34,-0.39
000,114,0.98,2.44,2.14,0.31,-0.37
000,115,1.05,2.5,2.43,0.32,-0.36
000,116,1.12,2.57,2.74,0.36,-0.37
000,117,1.14,2.62,2.88,0.35,-0.37
000,118,1.1,2.66,2.89,0.37,-0.38
000,119,0.95,2.7,2.8,0.38,-0.39
000,120,0.82,2.68,2.59,0.37,-0.39
000,121,1.0,2.81,2.53,0.42,-0.41
000,122,1.02,2.93,2.52,0.4,-0.41
000,123,0.89,2.85,2.45,0.41,-0.41
000,124,1.13,2.59,2.24,0.4,-0.4
000,125,1.28,2.4,2.15,0.4,-0.41
000,126,1.54,2.34,1.91,0.39,-0.41
000,127,1.76,1.67,1.08,0.33,-0.39
000,128,1.83,1.73,0.77,0.42,-0.39
000,129,0.82,1.69,0.53,0.58,-0.41
000,130,0.46,1.06,0.23,0.49,-0.39
000,131,0.66,0.95,0.23,0.41,-0.38
000,132,0.68,1.02,0.23,0.39,-0.38
000,133,0.64,1.6,0.19,0.43,-0.4
000,134,0.85,1.33,0.25,0.37,-0.4
000,135,0.97,1.19,0.34,0.37,-0.38
000,136,1.22,1.66,0.81,0.35,-0.38
000,137,1.21,1.71,1.02,0.34,-0.36
000,138,1.34,2.02,1.24,0.36,-0.39
000,139,1.38,2.35,1.87,0.3,-0.36
000,140,0.87,2.33,1.94,0.34,-0.38
000,141,0.92,2.36,2.24,0.34,-0.37
000,142,0.72,2.53,2.51,0.35,-0.37
000,143,0.58,2.55,2.66,0.38,-0.39
000,144,0.48,2.72,2.93,0.37,-0.4
000,145,0.44,2.79,2.77,0.38,-0.4
000,146,0.49,2.8,2.55,0.39,-0.39
000,147,0.46,2.7,2.63,0.37,-0.39
000,148,0.5,2.83,2.6,0.41,-0.41
000,149,0.39,2.66,2.47,0.4,-0.41
000,150,0.39,2.61,2.23,0.39,-0.4
000,151,0.39,2.38,1.78,0.37,-0.4
000,152,0.46,1.94,1.01,0.38,-0.39
000,153,0.64,1.72,0.69,0.42,-0.4
000,154,0.38,1.17,0.37,0.58,-0.39
000,155,0.29,2.43,0.69,0.46,-0.33
000,156,0.47,0.84,0.17,0.49,-0.35
000,157,0.44,0.82,0.13,0.24,-0.34
000,158,0.47,1.08,0.12,0.23,-0.34
000,159,0.51,1.16,0.15,0.3,-0.38
000,160,0.57,0.73,0.18,0.27,-0.33
000,161,0.95,1.14,0.31,0.35,-0.36
000,162,0.97,1.55,0.73,0.33,-0.37
000,163,0.81,2.03,1.11,0.34,-0.39
000,164,0.5,2.22,1.29,0.29,-0.38
000,165,0.4,2.22,1.46,0.35,-0.4
000,166,0.33,2.5,1.94,0.26,-0.39
000,167,0.32,2.32,1.89,0.34,-0.4
000,168,0.35,2.36,2.23,0.35,-0.39
000,169,0.34,2.52,2.48,0.34,-0.38
000,170,0.34,2.65,2.79,0.38,-0.39
000,171,0.34,2.7,2.86,0.39,-0.4
000,172,0.35,2.83,2.76,0.38,-0.39
000,173,0.49,2.74,2.69,0.5,-0.4
000,174,0.47,2.84,2.75,0.48,-0.41
000,175,0.41,2.72,2.57,0.44,-0.41
000,176,0.42,2.79,2.31,0.38,-0.4
000,177,0.65,2.63,1.87,0.32,-0.38
000,178,1.43,2.41,1.58,0.35,-0.39
000,179,0.59,1.42,0.52,0.45,-0.41
000,180,0.33,0.98,0.27,0.58,-0.38
000,181,0.29,0.53,0.17,0.38,-0.3
000,182,0.4,0.87,0.24,0.34,-0.36
000,183,0.42,0.76,0.14,0.28,-0.34
000,184,0.52,0.79,0.15,0.24,-0.35
000,185,0.5,0.82,0.16,0.33,-0.34
000,186,0.57,0.91,0.23,0.3,-0.34
000,187,0.82,1.36,0.61,0.35,-0.36
000,188,0.99,1.84,1.01,0.33,-0.37
000,189,0.67,2.01,1.21,0.34,-0.37
000,190,0.51,2.32,1.43,0.32,-0.38
000,191,0.41,2.32,1.56,0.37,-0.4
001,1,0.9,2.43,2.62,0.4,-0.36
001,2,0.91,2.61,2.62,0.38,-0.39
001,3,0.84,2.76,2.63,0.4,-0.4
001,4,0.81,2.87,2.67,0.4,-0.4
001,5,0.74,2.67,2.63,0.4,-0.4
001,6,0.76,2.63,2.66,0.39,-0.4
001,7,0.75,2.6,2.61,0.41,-0.4
001,8,0.72,2.64,2.62,0.41,-0.4
001,9,0.66,2.59,2.59,0.41,-0.4
001,10,0.58,2.54,2.56,0.42,-0.4
001,11,0.59,2.54,2.55,0.42,-0.4
001,12,0.58,2.59,2.56,0.42,-0.4
001,13,0.56,2.65,2.52,0.41,-0.4
001,14,0.5,2.67,2.47,0.42,-0.4
001,15,0.5,2.66,2.43,0.41,-0.39
001,16,0.63,2.65,2.43,0.42,-0.4
001,17,0.67,2.63,2.3,0.45,-0.4
001,18,0.73,2.63,2.31,0.43,-0.4
001,19,0.72,2.51,2.42,0.42,-0.4
001,20,1.0,2.38,2.18,0.41,-0.4
001,21,1.04,1.85,1.4,0.39,-0.39
001,22,0.64,1.63,0.99,0.41,-0.38
001,23,0.82,1.1,0.96,0.38,-0.34
001,24,1.01,0.85,0.89,0.32,-0.3
001,25,1.11,0.76,0.92,0.21,-0.26
001,26,1.02,0.54,0.9,0.2,-0.23
001,27,0.95,0.51,0.83,0.17,-0.21
001,28,0.77,0.57,0.75,0.15,-0.21
001,29,0.83,0.52,0.76,0.19,-0.21
001,30,0.79,0.52,0.79,0.18,-0.21
001,31,0.92,0.59,0.85,0.18,-0.21
001,32,0.96,0.62,0.84,0.19,-0.22
001,33,1.02,0.83,0.96,0.24,-0.26
001,34,1.05,1.18,1.17,0.33,-0.32
001,35,1.17,1.66,1.73,0.39,-0.36
001,36,1.03,1.99,2.07,0.4,-0.37
001,37,0.87,2.48,2.5,0.42,-0.37
001,38,0.69,2.54,2.71,0.42,-0.37
001,39,0.83,2.53,2.7,0.43,-0.39
001,40,0.88,2.7,2.69,0.41,-0.39
001,41,0.93,2.74,2.69,0.4,-0.39
001,42,0.87,2.73,2.68,0.39,-0.39
001,43,0.75,2.66,2.44,0.39,-0.39
001,44,0.78,2.61,2.39,0.38,-0.39
001,45,0.85,2.73,2.45,0.41,-0.4
001,46,0.84,2.26,2.21,0.36,-0.39
001,47,1.14,1.76,1.65,0.31,-0.37
001,48,1.26,1.35,1.19,0.27,-0.35
001,49,0.73,0.71,1.0,0.21,-0.28
001,50,0.94,0.63,1.08,0.22,-0.28
001,51,1.0,0.56,1.05,0.24,-0.26
001,52,1.15,0.6,1.02,0.26,-0.27
001,53,1.19,0.59,0.92,0.23,-0.27
001,54,1.24,0.64,0.97,0.21,-0.27
001,55,1.16,0.64,1.01,0.23,-0.26
001,56,0.96,0.81,1.0,0.25,-0.27
001,57,0.96,1.17,1.26,0.35,-0.32
001,58,0.71,1.62,1.77,0.28,-0.35
001,59,0.48,2.05,1.93,0.35,-0.36
001,60,0.49,2.19,2.09,0.41,-0.37
001,61,0.42,2.68,2.72,0.4,-0.37
001,62,0.38,2.68,2.82,0.4,-0.37
001,63,0.36,2.75,2.78,0.38,-0.38
001,64,0.39,2.74,2.74,0.37,-0.38
001,65,0.38,2.83,2.71,0.36,-0.38
001,66,0.38,2.76,2.68,0.35,-0.38
001,67,0.38,2.56,2.57,0.37,-0.37
001,68,0.39,2.58,2.44,0.42,-0.39
001,69,0.34,2.26,2.06,0.39,-0.38
001,70,0.3,1.78,1.52,0.33,-0.36
001,71,0.32,1.18,1.04,0.25,-0.34
001,72,0.3,0.66,0.95,0.28,-0.29
001,73,0.3,0.54,0.97,0.26,-0.27
001,74,0.32,0.59,0.91,0.26,-0.28
001,75,0.33,0.52,0.77,0.24,-0.28
001,76,0.33,0.46,0.71,0.2,-0.26
001,77,0.35,0.45,0.8,0.2,-0.25
001,78,0.35,0.47,0.81,0.2,-0.25
001,79,0.42,0.58,0.7,0.21,-0.26
001,80,0.46,0.82,0.74,0.3,-0.3
001,81,0.56,1.3,1.1,0.36,-0.35
001,82,0.43,1.58,1.28,0.38,-0.37
001,83,0.38,2.1,1.86,0.4,-0.38
001,84,0.37,2.6,2.63,0.4,-0.37
001,85,0.33,2.58,2.77,0.43,-0.38
001,86,0.35,2.69,2.9,0.41,-0.38
001,87,0.4,2.78,2.86,0.39,-0.38
001,88,0.47,2.79,2.79,0.38,-0.38
001,89,0.51,2.89,2.71,0.37,-0.39
001,90,0.47,2.81,2.64,0.33,-0.39
001,91,0.52,2.5,2.57,0.33,-0.36
001,92,0.48,2.16,2.39,0.29,-0.35
001,93,0.44,1.73,1.94,0.25,-0.32
001,94,0.44,1.25,1.66,0.12,-0.29
001,95,0.41,1.03,1.32,0.03,-0.22
001,96,0.34,0.86,1.12,0.06,-0.21
001,97,0.34,0.66,0.93,0.05,-0.2
001,98,0.35,0.51,0.78,0.08,-0.18
001,99,0.31,0.47,0.75,0.07,-0.17
001,100,0.32,0.45,0.72,0.04,-0.16
001,101,0.33,0.52,0.77,0.06,-0.17
001,102,0.35,0.58,0.82,0.1,-0.18
001,103,0.38,1.07,1.17,0.1,-0.21
001,104,0.49,1.19,1.17,0.23,-0.26
001,105,0.51,1.45,1.52,0.25,-0.3
001,106,0.56,1.71,1.74,0.37,-0.35
001,107,0.51,2.0,2.0,0.44,-0.37
001,108,0.4,2.51,2.61,0.44,-0.38
001,109,0.4,2.7,2.81,0.42,-0.39
001,110,0.54,2.71,2.76,0.42,-0.39
001,111,0.63,2.71,2.75,0.4,-0.39
001,112,0.73,2.76,2.69,0.38,-0.39
001,113,0.78,2.73,2.66,0.37,-0.38
001,114,0.68,2.65,2.54,0.37,-0.38
001,115,0.7,2.57,2.56,0.36,-0.37
001,116,0.66,2.23,2.31,0.31,-0.35
001,117,0.72,1.73,1.71,0.28,-0.33
001,118,0.87,1.31,1.35,0.21,-0.3
001,119,1.07,1.07,1.09,0.13,-0.21
001,120,1.18,0.97,1.03,0.04,-0.2
001,121,1.34,0.57,0.78,0.02,-0.19
001,122,1.2,0.49,0.68,0.06,-0.18
001,123,1.16,0.59,0.74,0.03,-0.18
001,124,1.22,0.65,0.78,0.05,-0.18
001,125,0.87,0.94,1.01,0.07,-0.19
001,126,0.76,1.1,1.21,0.07,-0.2
001,127,0.53,1.25,1.33,0.2,-0.25
001,128,0.49,1.62,1.61,0.26,-0.3
001,129,0.42,1.9,1.81,0.37,-0.36
001,130,0.35,2.18,2.23,0.37,-0.36
001,131,0.35,2.55,2.82,0.43,-0.36
001,132,0.37,2.57,2.87,0.43,-0.38
001,133,0.37,2.69,2.82,0.4,-0.39
001,134,0.54,2.66,2.7,0.39,-0.39
001,135,0.46,2.78,2.67,0.38,-0.39
001,136,0.54,2.82,2.6,0.38,-0.39
001,137,0.5,2.83,2.59,0.38,-0.39
001,138,0.44,2.38,2.21,0.34,-0.37
001,139,0.31,1.95,1.91,0.3,-0.33
001,140,0.3,1.4,1.43,0.25,-0.31
001,141,0.24,0.63,1.05,0.13,-0.25
001,142,0.24,0.56,0.84,0.17,-0.24
001,143,0.26,0.42,0.61,0.16,-0.22
001,144,0.27,0.38,0.57,0.11,-0.21
001,145,0.28,0.38,0.62,0.1,-0.19
001,146,0.29,0.49,0.72,0.06,-0.18
001,147,0.27,0.61,0.78,0.07,-0.18
001,148,0.28,0.63,0.8,0.09,-0.19
001,149,0.34,1.19,1.29,0.1,-0.21
001,150,0.36,1.23,1.34,0.27,-0.25
001,151,0.37,1.44,1.65,0.4,-0.33
001,152,0.36,1.81,1.92,0.46,-0.37
001,153,0.41,2.5,2.55,0.5,-0.4
001,154,0.48,2.64,2.69,0.47,-0.4
001,155,0.31,2.68,2.79,0.42,-0.38
001,156,0.34,2.83,2.8,0.39,-0.39
001,157,0.41,2.91,2.81,0.39,-0.4
001,158,0.41,2.73,2.66,0.37,-0.4
001,159,0.45,2.91,2.71,0.38,-0.4
001,160,0.47,2.92,2.72,0.36,-0.4
001,161,0.36,2.66,2.63,0.32,-0.38
001,162,0.39,2.31,2.48,0.3,-0.37
001,163,0.32,1.73,1.9,0.27,-0.33
001,164,0.3,1.32,1.48,0.2,-0.29
001,165,0.29,0.82,1.06,0.05,-0.22
001,166,0.32,0.7,0.85,0.19,-0.22
001,167,0.43,0.51,0.69,0.08,-0.19
001,168,0.73,0.4,0.63,0.08,-0.18
001,169,0.68,0.45,0.58,0.07,-0.17
001,170,0.7,0.45,0.59,0.08,-0.18
001,171,0.92,0.44,0.61,0.14,-0.19
001,172,1.05,0.78,0.84,0.07,-0.21
001,173,0.82,0.87,0.95,0.1,-0.23
001,174,0.74,1.29,1.19,0.3,-0.29
001,175,0.7,1.57,1.29,0.32,-0.34
001,176,0.84,1.89,1.82,0.42,-0.35
001,177,0.74,2.26,2.41,0.43,-0.36
001,178,0.76,2.46,2.73,0.42,-0.37
001,179,0.7,2.66,2.8,0.41,-0.37
001,180,0.75,2.76,2.77,0.42,-0.4
001,181,0.8,2.86,2.67,0.42,-0.4
001,182,0.9,2.84,2.64,0.38,-0.4
001,183,0.86,2.67,2.45,0.4,-0.39
001,184,0.96,2.57,2.53,0.4,-0.39
001,185,0.95,2.18,2.13,0.36,-0.37
001,186,1.02,1.9,1.84,0.29,-0.34
001,187,1.16,1.2,1.2,0.27,-0.3
001,188,1.13,0.75,1.03,0.19,-0.25
001,189,0.82,0.43,0.87,0.17,-0.21
001,190,0.47,0.34,0.79,0.19,-0.19
001,191,0.41,0.26,0.65,0.14,-0.18
001,192,0.36,0.25,0.54,0.1,-0.18
001,193,0.32,0.29,0.52,0.09,-0.17
001,194,0.33,0.35,0.47,0.09,-0.17
001,195,0.34,0.43,0.52,0.13,-0.18
001,196,0.41,0.52,0.54,0.13,-0.19
001,197,0.45,0.79,0.76,0.18,-0.24
001,198,0.45,1.32,1.17,0.27,-0.3
001,199,0.41,1.53,1.32,0.37,-0.33
001,200,0.33,2.1,2.11,0.42,-0.37
001,201,0.38,2.6,2.81,0.42,-0.38
001,202,0.42,2.63,2.82,0.44,-0.39
001,203,0.47,2.74,2.9,0.41,-0.39
001,204,0.49,2.78,2.85,0.43,-0.38
001,205,0.43,2.77,2.65,0.39,-0.37
001,206,0.42,2.52,2.61,0.37,-0.37
001,207,0.36,2.62,2.67,0.34,-0.37
001,208,0.34,2.38,2.32,0.36,-0.36
001,209,0.31,1.62,1.71,0.25,-0.32
001,210,0.37,1.21,1.23,0.27,-0.28
001,211,0.32,0.5,0.95,0.18,-0.23
001,212,0.31,0.46,0.99,0.21,-0.23
001,213,0.29,0.37,0.8,0.19,-0.22
001,214,0.3,0.28,0.56,0.15,-0.19
001,215,0.31,0.34,0.57,0.1,-0.19
001,216,0.35,0.36,0.59,0.12,-0.19
001,217,0.37,0.39,0.62,0.12,-0.19
001,218,0.45,0.7,0.86,0.1,-0.21
001,219,0.67,1.09,1.22,0.2,-0.25
001,220,0.49,1.3,1.45,0.23,-0.28
001,221,0.53,1.69,1.79,0.33,-0.33
001,222,0.47,2.1,2.2,0.38,-0.35
001,223,0.45,2.47,2.78,0.41,-0.36
001,224,0.48,2.72,2.91,0.41,-0.37
001,225,0.55,2.77,2.77,0.39,-0.38
001,226,0.64,2.86,2.7,0.38,-0.4
001,227,0.69,2.92,2.7,0.36,-0.4
001,228,0.64,2.78,2.65,0.37,-0.39
001,229,0.56,2.9,2.56,0.35,-0.39
001,230,0.52,2.78,2.67,0.37,-0.39
001,231,0.55,2.77,2.51,0.36,-0.39
001,232,0.54,2.45,2.35,0.31,-0.37
001,233,0.52,1.85,1.71,0.23,-0.34
001,234,0.52,1.31,1.31,0.18,-0.3
001,235,0.38,0.84,1.0,0.1,-0.23
001,236,0.42,0.65,0.8,0.09,-0.2
001,237,0.39,0.34,0.49,0.11,-0.18
001,238,0.41,0.29,0.46,0.12,-0.16
001,239,0.43,0.26,0.39,0.03,-0.14
001,240,0.43,0.28,0.42,0.08,-0.14
001,241,0.49,0.34,0.49,0.09,-0.15
001,242,0.51,0.42,0.55,0.08,-0.17
001,243,0.45,0.64,0.76,0.19,-0.22
001,244,0.38,0.95,1.0,0.22,-0.27
001,245,0.34,1.46,1.3,0.34,-0.33
001,246,0.3,1.91,1.79,0.43,-0.34
001,247,0.38,2.43,2.68,0.44,-0.36
001,248,0.36,2.63,2.82,0.44,-0.38
001,249,0.41,2.67,2.84,0.42,-0.38
001,250,0.38,2.75,2.78,0.43,-0.38
001,251,0.45,2.79,2.8,0.39,-0.39
001,252,0.47,2.73,2.69,0.38,-0.39
001,253,0.39,2.66,2.7,0.38,-0.38
001,254,0.38,2.62,2.72,0.37,-0.37
001,255,0.42,2.19,2.25,0.35,-0.37
001,256,0.32,1.56,1.6,0.31,-0.33
001,257,0.34,1.04,1.18,0.19,-0.3
001,258,0.37,0.82,0.96,0.13,-0.24
001,259,0.33,0.37,0.88,0.12,-0.2
001,260,0.33,0.34,0.75,0.14,-0.2
001,261,0.33,0.3,0.57,0.08,-0.2
001,262,0.33,0.3,0.51,0.1,-0.19
001,263,0.35,0.36,0.56,0.09,-0.2
001,264,0.35,0.41,0.64,0.12,-0.21
001,265,0.38,0.57,0.73,0.11,-0.22
001,266,0.49,0.95,1.09,0.2,-0.26
001,267,0.44,1.26,1.33,0.24,-0.29
001,268,0.46,1.73,1.63,0.35,-0.36
001,269,0.41,1.96,1.89,0.36,-0.37
001,270,0.41,2.51,2.68,0.43,-0.38
001,271,0.42,2.67,2.81,0.42,-0.39
001,272,0.55,2.75,2.72,0.4,-0.39
001,273,0.62,2.78,2.7,0.4,-0.38
001,274,0.67,2.77,2.65,0.39,-0.39
001,275,0.68,2.71,2.6,0.37,-0.39
001,276,0.78,2.61,2.52,0.42,-0.39
001,277,0.62,2.56,2.59,0.41,-0.39
001,278,0.7,2.38,2.39,0.37,-0.38
001,279,0.9,1.91,1.98,0.33,-0.36
001,280,0.94,1.29,1.36,0.23,-0.33
001,281,1.11,0.94,0.99,0.2,-0.27
001,282,1.07,0.46,0.83,0.15,-0.23
001,283,1.06,0.41,1.0,0.23,-0.23
001,284,1.08,0.39,0.96,0.21,-0.22
001,285,0.66,0.33,0.73,0.2,-0.21
001,286,0.55,0.33,0.67,0.1,-0.2
001,287,1.05,0.44,0.78,0.11,-0.21
001,288,1.04,0.55,0.72,0.09,-0.2
001,289,1.07,0.99,1.08,0.07,-0.22
001,290,0.84,1.15,1.22,0.18,-0.25
001,291,1.08,1.46,1.52,0.19,-0.28
001,292,1.18,1.61,1.69,0.28,-0.32
001,293,1.15,1.89,1.96,0.38,-0.35
001,294,0.86,2.44,2.65,0.41,-0.36
001,295,0.76,2.55,2.82,0.43,-0.37
001,296,0.85,2.7,2.83,0.4,-0.37
001,297,0.87,2.71,2.75,0.39,-0.37
001,298,0.83,2.61,2.63,0.38,-0.38
001,299,1.0,2.73,2.6,0.38,-0.39
001,300,0.96,2.74,2.6,0.39,-0.39
001,301,0.88,2.7,2.51,0.4,-0.4
001,302,0.85,2.39,2.29,0.38,-0.39
001,303,0.92,1.95,1.97,0.31,-0.36
001,304,0.98,1.23,1.2,0.26,-0.32
001,305,0.81,0.74,0.86,0.25,-0.27
001,306,0.98,0.57,0.96,0.22,-0.25
001,307,0.93,0.38,0.83,0.22,-0.21
001,308,0.76,0.36,0.69,0.21,-0.21
001,309,0.73,0.33,0.59,0.22,-0.2
001,310,0.57,0.34,0.59,0.16,-0.2
001,311,0.87,0.41,0.73,0.15,-0.2
001,312,0.86,0.48,0.77,0.14,-0.21
001,313,0.97,0.76,1.03,0.13,-0.22
001,314,0.96,1.07,1.22,0.27,-0.27
001,315,1.11,1.32,1.55,0.25,-0.29
001,316,1.2,1.75,1.93,0.37,-0.33
001,317,0.91,2.09,2.24,0.42,-0.34
001,318,0.94,2.48,2.72,0.42,-0.36
001,319,0.93,2.64,2.88,0.44,-0.38
001,320,0.99,2.68,2.74,0.42,-0.38
001,321,0.84,2.76,2.71,0.42,-0.39
001,322,0.7,2.78,2.74,0.39,-0.39
001,323,0.66,2.77,2.75,0.37,-0.39
001,324,0.46,2.61,2.56,0.37,-0.38
001,325,0.44,2.55,2.53,0.34,-0.37
001,326,0.46,1.81,1.82,0.3,-0.34
001,327,0.35,1.26,1.3,0.29,-0.31
001,328,0.43,0.75,0.82,0.23,-0.23
001,329,0.42,0.48,0.77,0.2,-0.2
001,330,0.4,0.39,0.74,0.18,-0.21
001,331,0.41,0.37,0.63,0.22,-0.2
001,332,0.38,0.31,0.58,0.19,-0.19
001,333,0.4,0.33,0.56,0.12,-0.19
001,334,0.43,0.4,0.56,0.09,-0.19
001,335,0.51,0.49,0.7,0.12,-0.21
001,336,0.49,0.67,0.86,0.16,-0.23
001,337,0.75,0.92,1.13,0.27,-0.28
001,338,0.54,1.39,1.37,0.31,-0.34
001,339,0.48,1.88,1.83,0.37,-0.37
001,340,0.49,2.13,2.09,0.45,-0.37
001,341,0.43,2.58,2.66,0.45,-0.38
001,342,0.58,2.66,2.83,0.43,-0.39
001,343,0.63,2.7,2.76,0.43,-0.39
001,344,0.52,2.75,2.74,0.39,-0.38
001,345,0.53,2.67,2.73,0.39,-0.38
001,346,0.57,2.62,2.68,0.39,-0.38
001,347,0.4,2.68,2.68,0.35,-0.37
001,348,0.45,2.31,2.14,0.37,-0.37
001,349,0.32,1.51,1.41,0.32,-0.34
001,350,0.33,0.82,0.93,0.27,-0.27
001,351,0.28,0.55,1.0,0.24,-0.25
001,352,0.31,0.43,0.92,0.21,-0.23
001,353,0.3,0.37,0.81,0.21,-0.21
001,354,0.28,0.32,0.56,0.17,-0.2
001,355,0.29,0.33,0.53,0.11,-0.19
001,356,0.29,0.35,0.56,0.09,-0.18
001,357,0.31,0.37,0.62,0.11,-0.18
001,358,0.36,0.56,0.69,0.12,-0.2
001,359,0.42,0.82,0.98,0.17,-0.23
001,360,0.41,1.09,1.25,0.23,-0.26
001,361,0.38,1.39,1.33,0.27,-0.3
001,362,0.32,1.68,1.64,0.38,-0.34
001,363,0.34,2.04,2.11,0.43,-0.35
001,364,0.43,2.5,2.66,0.43,-0.37
001,365,0.5,2.69,2.85,0.42,-0.38
001,366,0.56,2.84,2.82,0.4,-0.38
001,367,0.5,2.84,2.71,0.35,-0.36
001,368,0.45,2.74,2.74,0.33,-0.36
001,369,0.41,2.58,2.74,0.32,-0.35
001,370,0.27,2.6,2.69,0.32,-0.35
001,371,0.23,2.75,2.77,0.39,-0.32
001,372,0.2,2.77,2.65,0.43,-0.32
001,373,0.21,2.87,2.48,0.44,-0.33
001,374,0.25,2.73,2.47,0.48,-0.32
001,375,0.26,1.95,2.57,0.36,-0.25
001,376,0.26,1.56,2.11,0.24,-0.22
001,377,0.32,1.4,1.98,0.25,-0.24
001,378,0.44,2.2,2.37,0.58,-0.46
001,379,0.49,2.35,2.41,0.57,-0.45
001,380,0.2,2.59,2.33,0.44,-0.39
001,381,0.18,1.94,2.07,0.4,-0.27
001,382,0.14,1.7,1.86,0.43,-0.24
002,1,0.68,2.54,2.72,0.42,-0.4
002,2,1.05,2.53,2.78,0.4,-0.4
002,3,1.22,2.58,2.78,0.38,-0.4
002,4,1.19,2.59,2.72,0.37,-0.41
002,5,1.13,2.62,2.7,0.37,-0.41
002,6,1.07,2.69,2.68,0.37,-0.41
002,7,0.58,2.61,2.57,0.37,-0.41
002,8,0.52,2.49,2.52,0.37,-0.41
002,9,0.51,2.3,2.42,0.38,-0.4
002,10,0.5,2.28,2.4,0.39,-0.4
002,11,0.47,2.36,2.44,0.39,-0.4
002,12,0.38,2.45,2.41,0.39,-0.4
002,13,0.4,2.56,2.51,0.38,-0.4
002,14,0.38,2.68,2.58,0.38,-0.41
002,15,0.36,2.7,2.58,0.38,-0.41
002,16,0.32,2.67,2.5,0.4,-0.4
002,17,0.32,2.43,2.24,0.41,-0.38
002,18,0.34,2.46,2.33,0.4,-0.38
002,19,0.37,2.49,2.34,0.4,-0.39
002,20,0.4,2.5,2.31,0.4,-0.39
002,21,0.46,2.47,2.27,0.41,-0.4
002,22,0.48,2.48,2.31,0.42,-0.4
002,23,0.58,2.48,2.34,0.42,-0.4
002,24,0.64,2.51,2.47,0.41,-0.41
002,25,0.78,2.53,2.48,0.39,-0.41
002,26,0.87,2.53,2.48,0.39,-0.41
002,27,1.01,2.54,2.46,0.38,-0.41
002,28,1.03,2.64,2.5,0.37,-0.42
002,29,1.0,2.7,2.53,0.37,-0.42
002,30,1.06,2.69,2.53,0.36,-0.41
002,31,1.12,2.68,2.52,0.37,-0.41
002,32,1.14,2.68,2.53,0.37,-0.41
002,33,1.14,2.61,2.48,0.37,-0.41
002,34,1.13,2.62,2.44,0.35,-0.41
002,35,1.02,2.69,2.51,0.37,-0.41
002,36,0.96,2.71,2.52,0.37,-0.41
002,37,1.01,2.64,2.49,0.38,-0.41
002,38,0.98,2.63,2.48,0.39,-0.41
002,39,1.03,2.57,2.46,0.37,-0.41
002,40,1.05,2.57,2.47,0.37,-0.41
002,41,1.05,2.58,2.47,0.37,-0.41
002,42,1.05,2.58,2.43,0.37,-0.41
002,43,1.03,2.65,2.46,0.39,-0.41
002,44,1.0,2.64,2.45,0.4,-0.41
002,45,0.95,2.67,2.45,0.39,-0.41
002,46,0.89,2.68,2.44,0.4,-0.41
002,47,0.88,2.7,2.45,0.4,-0.41
002,48,0.88,2.69,2.43,0.4,-0.41
002,49,0.85,2.73,2.47,0.39,-0.41
002,50,0.86,2.76,2.48,0.38,-0.41
002,51,1.0,2.72,2.48,0.35,-0.41
002,52,1.12,2.67,2.46,0.34,-0.41
002,53,1.41,2.67,2.49,0.33,-0.41
002,54,1.44,2.67,2.54,0.33,-0.41
002,55,1.43,2.67,2.56,0.33,-0.41
002,56,1.48,2.65,2.56,0.34,-0.41
002,57,1.48,2.67,2.6,0.34,-0.41
002,58,1.48,2.66,2.62,0.34,-0.41
002,59,1.5,2.66,2.64,0.33,-0.41
002,60,1.48,2.65,2.49,0.32,-0.41
002,61,1.51,2.65,2.48,0.31,-0.41
002,62,1.38,2.63,2.35,0.31,-0.4
002,63,1.38,2.53,2.33,0.31,-0.39
002,64,1.39,2.51,2.37,0.31,-0.39
002,65,1.38,2.38,2.28,0.32,-0.37
002,66,1.39,2.36,2.3,0.33,-0.37
002,67,1.37,2.41,2.31,0.33,-0.38
002,68,1.34,2.44,2.32,0.33,-0.38
002,69,1.32,2.43,2.33,0.34,-0.38
002,70,1.31,2.43,2.33,0.33,-0.38
002,71,1.33,2.44,2.33,0.33,-0.38
002,72,1.39,2.48,2.39,0.32,-0.39
002,73,1.39,2.49,2.45,0.32,-0.39
002,74,1.43,2.56,2.54,0.3,-0.39
002,75,1.46,2.67,2.59,0.3,-0.39
002,76,1.47,2.72,2.64,0.3,-0.39
002,77,1.4,2.7,2.59,0.3,-0.39
002,78,1.33,2.8,2.58,0.3,-0.38
002,79,1.31,2.87,2.48,0.32,-0.39
002,80,1.34,2.84,2.23,0.32,-0.4
002,81,1.37,2.31,1.69,0.34,-0.39
002,82,1.39,1.97,1.01,0.39,-0.41
002,83,1.62,1.62,0.74,0.33,-0.38
002,84,1.65,1.44,0.49,0.31,-0.38
002,85,1.4,0.94,0.34,0.26,-0.35
002,86,1.37,1.59,0.33,0.36,-0.37
002,87,0.69,1.01,0.27,0.35,-0.35
002,88,0.36,1.47,0.36,0.35,-0.36
002,89,0.33,1.47,0.41,0.31,-0.36
002,90,0.95,1.06,0.45,0.27,-0.35
002,91,1.41,1.55,0.73,0.23,-0.36
002,92,1.37,1.64,0.89,0.27,-0.38
002,93,1.3,1.96,1.06,0.35,-0.4
002,94,1.2,2.22,1.4,0.37,-0.42
002,95,1.1,2.44,1.8,0.37,-0.41
003,1,0.38,2.57,2.81,0.38,-0.33
003,2,0.35,2.62,2.62,0.4,-0.38
003,3,0.34,2.58,2.58,0.41,-0.38
003,4,0.34,2.58,2.6,0.41,-0.38
004,1,1.01,2.36,2.67,0.43,-0.39
004,2,0.97,2.51,2.65,0.42,-0.4
004,3,1.01,2.54,2.61,0.41,-0.41
004,4,1.02,2.64,2.59,0.41,-0.41
004,5,1.06,2.71,2.59,0.4,-0.42
004,6,1.04,2.79,2.63,0.4,-0.42
005,1,0,0,0,0,0
005,2,0,0,0,0,0
005,3,0,0,0,0,0
005,4,2.84,3.03,2.98,0.15,-0.29
005,5,2.85,2.99,2.65,0.3,-0.46
005,6,1.75,2.31,2.65,0.25,-0.29
005,7,0.39,1.6,2.37,0.17,-0.23
005,8,0.37,1.84,2.59,0.16,-0.18
006,1,0,0,0,0,0
006,2,0,0,0,0,0
006,3,0,0,0,0,0
006,4,0,0,0,0,0
006,5,0,0,0,0,0
006,6,0,0,0,0,0
006,7,0,0,0,0,0
006,8,0,0,0,0,0
006,9,0.88,1.64,2.1,0.22,-0.24
006,10,0.79,2.47,2.71,0.32,-0.37
006,11,1.09,2.78,2.66,0.3,-0.35
006,12,0.7,2.71,2.71,0.38,-0.37
006,13,0.4,2.73,2.68,0.4,-0.37
006,14,0.4,2.56,2.74,0.42,-0.32
006,15,0.38,2.53,2.8,0.4,-0.35
006,16,0.3,2.47,2.82,0.31,-0.28
006,17,0.29,2.48,2.86,0.28,-0.25
006,18,0.41,2.41,2.92,0.26,-0.25
006,19,0.4,2.22,2.94,0.3,-0.25
006,20,0.4,2.41,2.68,0.47,-0.32
006,21,0.4,2.56,2.49,0.47,-0.38
006,22,0.39,2.3,2.73,0.43,-0.35
006,23,0.45,2.62,2.35,0.37,-0.36
006,24,0.61,2.77,2.21,0.35,-0.37
006,25,0.75,2.82,2.15,0.39,-0.43
006,26,1.07,2.92,2.43,0.36,-0.43
006,27,1.08,2.85,1.52,0.18,-0.2
006,28,0.82,2.9,2.55,0.42,-0.43
006,29,0.94,2.89,2.51,0.39,-0.43
006,30,0.98,2.85,2.44,0.39,-0.42
006,31,1.15,2.86,2.43,0.34,-0.41
006,32,1.16,2.9,2.32,0.31,-0.41
006,33,1.0,2.87,2.26,0.35,-0.39
006,34,1.01,2.86,2.32,0.35,-0.39
006,35,1.04,2.83,2.35,0.37,-0.4
006,36,0.97,2.83,2.29,0.44,-0.4
006,37,0.81,2.88,2.2,0.42,-0.39
006,38,0.67,2.86,2.27,0.42,-0.4
006,39,0.58,2.75,2.49,0.48,-0.41
006,40,0.34,2.68,2.5,0.49,-0.4
006,41,0.26,2.66,2.6,0.51,-0.39
006,42,0.25,2.59,2.63,0.53,-0.39
006,43,0.23,2.54,2.55,0.48,-0.37
006,44,0.24,2.62,2.4,0.46,-0.36
006,45,0.26,2.64,2.34,0.47,-0.36
006,46,0.24,2.53,2.33,0.48,-0.36
006,47,0.23,2.54,2.24,0.46,-0.35
006,48,0.22,2.54,2.13,0.46,-0.34
006,49,0.23,2.58,2.12,0.45,-0.35
006,50,0.25,2.56,2.01,0.39,-0.31
006,51,0.3,2.65,2.0,0.42,-0.33
006,52,0.24,2.62,2.06,0.43,-0.32
006,53,0.24,2.64,2.12,0.44,-0.33
006,54,0.28,2.44,2.34,0.49,-0.33
006,55,0.27,2.47,2.33,0.48,-0.35
006,56,0.28,2.6,2.27,0.46,-0.36
006,57,0.29,2.7,2.29,0.46,-0.37
006,58,0.28,2.68,2.36,0.46,-0.36
006,59,0.28,2.71,2.31,0.42,-0.35
006,60,0.3,2.7,2.14,0.39,-0.34
006,61,0.29,2.71,2.15,0.39,-0.34
006,62,0.29,2.8,2.14,0.36,-0.32
006,63,0.27,2.99,2.11,0.39,-0.33
006,64,0.26,2.93,2.14,0.42,-0.34
006,65,0.24,2.76,2.11,0.44,-0.34
006,66,0.24,2.66,2.04,0.45,-0.34
006,67,0.23,2.64,2.02,0.45,-0.33
006,68,0.22,2.6,1.99,0.46,-0.33
006,69,0.23,2.63,1.89,0.44,-0.33
006,70,0.22,2.61,1.89,0.43,-0.33
006,71,0.22,2.58,1.97,0.42,-0.33
006,72,0.23,2.51,2.0,0.43,-0.33
006,73,0.26,2.53,2.04,0.44,-0.34
006,74,0.25,2.5,2.01,0.43,-0.32
006,75,0.24,2.55,2.03,0.44,-0.33
006,76,0.24,2.52,2.08,0.47,-0.34
006,77,0.24,2.59,2.12,0.47,-0.35
006,78,0.25,2.61,2.06,0.44,-0.34
006,79,0.29,2.59,2.06,0.45,-0.33
006,80,0.3,2.5,2.0,0.44,-0.33
006,81,0.34,2.46,1.97,0.45,-0.33
006,82,0.36,2.47,2.01,0.45,-0.34
006,83,0.4,2.5,1.98,0.44,-0.35
006,84,0.6,2.36,2.12,0.45,-0.35
006,85,0.58,2.17,2.23,0.44,-0.35
006,86,0.47,1.81,2.19,0.41,-0.35
006,87,0.48,1.68,2.0,0.37,-0.33
006,88,0.45,1.48,1.79,0.36,-0.33
006,89,0.36,1.52,1.5,0.38,-0.33
006,90,0.37,1.42,1.4,0.37,-0.32
006,91,0.38,1.29,1.37,0.39,-0.3
006,92,0.42,1.26,1.26,0.42,-0.3
006,93,0.4,1.3,1.31,0.4,-0.31
006,94,0.47,1.26,1.28,0.41,-0.31
006,95,0.54,1.25,1.31,0.42,-0.31
006,96,0.61,1.29,1.45,0.39,-0.3
006,97,0.61,1.48,1.57,0.38,-0.31
006,98,0.66,1.7,1.72,0.37,-0.32
006,99,0.62,1.9,1.79,0.39,-0.33
006,100,0.57,2.32,1.86,0.42,-0.33
006,101,0.43,2.69,1.79,0.42,-0.31
006,102,0.44,2.9,2.08,0.44,-0.34
006,103,0.46,2.89,2.03,0.4,-0.34
006,104,0.56,3.02,2.12,0.4,-0.35
006,105,0.8,3.0,2.07,0.39,-0.35
006,106,0.64,3.0,2.18,0.4,-0.35
006,107,0.62,2.99,2.12,0.4,-0.35
006,108,0.59,2.96,2.11,0.41,-0.35
006,109,0.57,2.93,2.13,0.41,-0.35
006,110,0.56,2.89,2.16,0.43,-0.35
006,111,0.5,2.86,2.14,0.43,-0.35
006,112,0.5,2.82,2.06,0.43,-0.35
006,113,0.45,2.62,2.03,0.42,-0.34
006,114,0.58,2.18,2.05,0.38,-0.34
006,115,0.61,1.85,2.01,0.37,-0.35
006,116,0.6,1.61,1.76,0.34,-0.33
006,117,0.59,1.63,1.56,0.35,-0.31
006,118,0.58,1.5,1.5,0.35,-0.3
006,119,0.61,1.46,1.42,0.38,-0.3
006,120,0.63,1.33,1.37,0.4,-0.3
006,121,0.62,1.27,1.39,0.41,-0.31
006,122,0.59,1.18,1.31,0.44,-0.3
006,123,0.54,1.15,1.32,0.45,-0.3
006,124,0.53,1.27,1.41,0.41,-0.3
006,125,0.53,1.38,1.5,0.41,-0.31
006,126,0.5,1.64,1.65,0.42,-0.31
006,127,0.51,1.92,1.88,0.41,-0.33
006,128,0.49,2.58,2.0,0.43,-0.32
006,129,0.44,2.82,1.97,0.41,-0.3
006,130,0.4,2.82,2.07,0.41,-0.32
006,131,0.38,2.82,2.19,0.42,-0.33
006,132,0.39,2.83,2.17,0.42,-0.34
006,133,0.4,2.85,2.22,0.41,-0.34
006,134,0.44,2.83,2.17,0.4,-0.34
006,135,0.43,2.92,2.26,0.4,-0.34
006,136,0.44,2.9,2.23,0.43,-0.35
006,137,0.46,2.86,2.22,0.45,-0.36
006,138,0.46,2.75,2.18,0.46,-0.36
006,139,0.44,2.66,2.16,0.48,-0.35
006,140,0.4,2.5,2.17,0.49,-0.33
006,141,0.37,2.47,2.19,0.5,-0.32
006,142,0.39,2.45,2.21,0.5,-0.33
006,143,0.44,2.39,2.15,0.49,-0.33
006,144,0.46,2.28,2.17,0.46,-0.33
006,145,0.49,2.08,2.27,0.44,-0.34
006,146,0.52,1.64,2.02,0.4,-0.32
006,147,0.55,1.48,1.91,0.41,-0.33
006,148,0.54,1.48,1.73,0.41,-0.34
006,149,0.53,1.5,1.56,0.43,-0.32
006,150,0.5,1.32,1.48,0.44,-0.31
006,151,0.49,1.18,1.41,0.42,-0.3
006,152,0.44,1.01,1.33,0.43,-0.29
006,153,0.44,0.97,1.31,0.45,-0.29
006,154,0.45,1.04,1.38,0.45,-0.3
006,155,0.44,1.07,1.43,0.46,-0.3
006,156,0.45,1.12,1.45,0.45,-0.3
006,157,0.45,1.22,1.53,0.45,-0.3
006,158,0.5,1.71,1.82,0.39,-0.32
006,159,0.5,1.76,1.97,0.42,-0.33
006,160,0.47,2.14,2.14,0.42,-0.33
006,161,0.43,2.44,2.28,0.47,-0.34
006,162,0.42,2.64,2.25,0.48,-0.35
006,163,0.39,2.64,2.33,0.49,-0.35
006,164,0.37,2.67,2.3,0.45,-0.35
006,165,0.36,2.62,2.37,0.46,-0.35
006,166,0.36,2.6,2.41,0.48,-0.35
006,167,0.36,2.59,2.3,0.48,-0.34
006,168,0.35,2.5,2.28,0.48,-0.33
006,169,0.33,2.53,2.19,0.49,-0.34
006,170,0.33,2.55,2.19,0.49,-0.35
006,171,0.34,2.58,2.04,0.47,-0.35
006,172,0.37,2.51,1.99,0.46,-0.34
006,173,0.39,2.46,2.05,0.43,-0.33
006,174,0.44,2.17,2.16,0.44,-0.34
006,175,0.49,1.82,2.06,0.42,-0.34
006,176,0.5,1.41,1.74,0.48,-0.35
006,177,0.51,1.56,1.66,0.45,-0.35
006,178,0.51,1.3,1.45,0.47,-0.34
006,179,0.51,1.24,1.41,0.45,-0.32
006,180,0.52,1.1,1.39,0.47,-0.32
006,181,0.51,1.02,1.32,0.5,-0.32
006,182,0.48,1.02,1.25,0.55,-0.33
006,183,0.5,1.11,1.27,0.53,-0.33
006,184,0.49,1.15,1.32,0.56,-0.34
006,185,0.47,1.25,1.36,0.56,-0.34
006,186,0.45,1.37,1.5,0.52,-0.33
006,187,0.44,1.43,1.57,0.48,-0.33
006,188,0.45,1.74,1.86,0.45,-0.34
006,189,0.43,1.96,2.08,0.46,-0.34
006,190,0.42,2.66,2.14,0.47,-0.33
006,191,0.38,2.72,2.26,0.46,-0.34
006,192,0.36,2.72,2.44,0.47,-0.35
006,193,0.35,2.66,2.32,0.47,-0.34
006,194,0.33,2.67,2.41,0.48,-0.35
006,195,0.32,2.65,2.42,0.47,-0.36
006,196,0.33,2.63,2.41,0.5,-0.36
006,197,0.34,2.62,2.34,0.5,-0.36
006,198,0.34,2.62,2.33,0.5,-0.36
006,199,0.34,2.63,2.31,0.5,-0.36
006,200,0.32,2.61,2.31,0.5,-0.36
006,201,0.32,2.61,2.22,0.5,-0.36
006,202,0.34,2.59,2.18,0.48,-0.35
006,203,0.36,2.56,2.17,0.48,-0.34
006,204,0.39,2.34,2.22,0.43,-0.35
006,205,0.43,1.94,2.14,0.39,-0.35
006,206,0.45,1.49,1.77,0.49,-0.37
006,207,0.52,1.6,1.68,0.45,-0.37
006,208,0.48,1.43,1.59,0.46,-0.35
006,209,0.44,1.33,1.58,0.45,-0.34
006,210,0.45,1.38,1.57,0.45,-0.34
006,211,0.43,1.35,1.53,0.46,-0.33
006,212,0.42,1.26,1.54,0.46,-0.33
006,213,0.41,1.34,1.61,0.45,-0.32
006,214,0.4,1.56,1.81,0.44,-0.33
006,215,0.38,1.75,1.97,0.45,-0.35
006,216,0.39,2.28,2.14,0.45,-0.36
006,217,0.38,2.62,2.36,0.47,-0.35
006,218,0.43,2.59,2.51,0.47,-0.37
006,219,0.41,2.65,2.33,0.45,-0.35
006,220,0.37,2.77,2.19,0.44,-0.35
006,221,0.37,2.83,2.27,0.45,-0.35
006,222,0.36,2.69,2.29,0.44,-0.34
006,223,0.37,2.72,2.24,0.45,-0.35
006,224,0.31,2.71,2.29,0.43,-0.35
006,225,0.29,2.54,2.38,0.43,-0.33
006,226,0.3,2.73,2.69,0.36,-0.27
006,227,0.26,2.44,2.48,0.4,-0.28
006,228,0.23,2.05,2.33,0.44,-0.27
006,229,0.35,1.72,2.47,0.42,-0.32
006,230,0.31,1.5,2.52,0.33,-0.25
006,231,0.29,1.68,2.56,0.34,-0.22
006,232,0.28,1.61,2.44,0.27,-0.17
006,233,0.27,1.63,2.34,0.3,-0.17
006,234,0.26,1.61,2.17,0.28,-0.17
006,235,0.28,1.67,2.37,0.33,-0.22
006,236,0.29,1.74,2.57,0.48,-0.25
006,237,0.46,1.96,2.72,0.46,-0.29
006,238,0.28,1.4,2.45,0.4,-0.21
006,239,0.26,1.17,2.46,0.24,-0.17
006,240,0.5,1.59,2.63,0.28,-0.18
006,241,0,0,0,0,0
006,242,0,0,0,0,0
006,243,0,0,0,0,0
006,244,0,0,0,0,0
006,245,0,0,0,0,0
006,246,0,0,0,0,0
006,247,0,0,0,0,0
006,248,0,0,0,0,0
006,249,0,0,0,0,0
007,1,0.1,0.24,0.27,0.26,-0.12
007,2,0.07,0.38,0.5,0.09,-0.1
007,3,2.53,1.93,1.28,0.65,-0.48
007,4,2.91,2.92,2.84,0.16,-0.46
007,5,2.9,2.92,2.9,0.18,-0.43
007,6,2.1,2.94,2.95,0.2,-0.28
007,7,0.37,2.54,2.8,0.18,-0.2
007,8,0.38,2.51,2.77,0.16,-0.19
007,9,0.48,2.44,2.66,0.3,-0.25
007,10,0.4,2.52,2.62,0.29,-0.26
007,11,0.55,2.67,2.68,0.32,-0.27
007,12,0.64,2.94,2.79,0.25,-0.29
007,13,0.49,2.97,2.82,0.28,-0.32
007,14,0.47,2.95,2.79,0.33,-0.35
007,15,0.57,2.86,2.8,0.36,-0.38
007,16,0.49,2.82,2.83,0.37,-0.37
007,17,0.39,2.82,2.82,0.36,-0.38
007,18,0.43,2.76,2.79,0.36,-0.38
007,19,0.4,2.62,2.76,0.4,-0.37
007,20,0.39,2.53,2.73,0.41,-0.37
007,21,0.4,2.53,2.71,0.4,-0.37
007,22,0.37,2.47,2.66,0.43,-0.37
007,23,0.43,2.48,2.57,0.47,-0.37
007,24,0.41,2.37,2.6,0.49,-0.37
007,25,0.29,2.44,2.42,0.51,-0.35
007,26,0.27,2.41,2.48,0.47,-0.33
007,27,0.3,2.34,2.57,0.5,-0.33
007,28,0.28,2.34,2.55,0.48,-0.33
007,29,0.27,2.37,2.53,0.47,-0.33
007,30,0.3,2.44,2.52,0.47,-0.34
007,31,0.28,2.42,2.54,0.47,-0.33
007,32,0.21,2.53,2.51,0.43,-0.32
007,33,0.23,2.55,2.54,0.46,-0.34
007,34,0.24,2.53,2.51,0.46,-0.35
007,35,0.25,2.44,2.41,0.44,-0.35
007,36,0.24,2.46,2.38,0.43,-0.34
007,37,0.24,2.49,2.34,0.42,-0.33
007,38,0.25,2.5,2.29,0.43,-0.33
007,39,0.27,2.46,2.3,0.45,-0.32
007,40,0.29,2.48,2.33,0.45,-0.33
007,41,0.3,2.55,2.36,0.46,-0.33
007,42,0.29,2.55,2.35,0.47,-0.34
007,43,0.29,2.61,2.25,0.46,-0.34
007,44,0.29,2.61,2.21,0.46,-0.35
007,45,0.28,2.59,2.22,0.45,-0.35
007,46,0.3,2.58,2.21,0.45,-0.35
007,47,0.33,2.59,2.18,0.44,-0.34
007,48,0.38,2.53,2.18,0.43,-0.34
007,49,0.49,2.52,2.18,0.45,-0.36
007,50,0.58,2.52,2.2,0.45,-0.37
007,51,0.62,2.55,2.11,0.47,-0.37
007,52,0.82,2.55,2.01,0.41,-0.38
007,53,1.15,2.76,1.89,0.36,-0.38
007,54,1.1,1.83,1.28,0.44,-0.41
007,55,1.04,1.67,0.98,0.52,-0.42
007,56,0.87,1.28,0.54,0.7,-0.4
007,57,0.44,1.07,0.4,0.58,-0.34
007,58,0.39,0.96,0.31,0.48,-0.33
007,59,0.45,0.83,0.27,0.4,-0.35
007,60,0.42,1.26,0.32,0.44,-0.38
007,61,0.44,1.27,0.3,0.43,-0.38
007,62,0.43,1.3,0.32,0.41,-0.38
007,63,0.55,0.78,0.36,0.24,-0.29
007,64,0.44,1.01,0.44,0.28,-0.32
007,65,0.59,1.48,0.47,0.22,-0.36
007,66,0.6,1.47,0.34,0.35,-0.38
007,67,0.75,1.63,0.41,0.35,-0.38
007,68,0.6,1.79,0.48,0.41,-0.39
007,69,0.43,1.45,0.65,0.38,-0.37
007,70,0.65,2.41,1.68,0.38,-0.39
007,71,0.56,2.24,1.76,0.35,-0.4
007,72,0.46,2.3,1.86,0.33,-0.4
007,73,0.39,2.65,2.01,0.35,-0.36
007,74,0.41,2.79,2.09,0.32,-0.33
007,75,0.49,2.9,2.22,0.4,-0.33
007,76,0.53,2.92,2.14,0.42,-0.36
007,77,0.53,2.88,2.0,0.41,-0.35
007,78,0.53,2.87,2.03,0.42,-0.35
007,79,0.54,2.77,2.08,0.45,-0.36
007,80,0.54,2.75,2.01,0.45,-0.36
007,81,0.51,2.74,2.03,0.45,-0.36
007,82,0.55,2.79,2.02,0.45,-0.36
007,83,0.57,2.79,2.03,0.45,-0.36
007,84,0.59,2.79,2.05,0.45,-0.36
007,85,0.58,2.77,2.06,0.45,-0.36
007,86,0.45,2.71,2.15,0.44,-0.35
007,87,0.53,2.69,2.2,0.44,-0.35
007,88,0.62,2.72,2.29,0.45,-0.37
007,89,0.72,2.58,2.27,0.45,-0.38
007,90,0.72,2.66,2.02,0.45,-0.37
007,91,0.87,2.23,1.62,0.36,-0.36
007,92,0.81,1.53,0.99,0.5,-0.4
007,93,0.94,1.5,0.79,0.47,-0.4
007,94,0.82,1.41,0.65,0.48,-0.39
007,95,0.55,1.22,0.4,0.47,-0.35
007,96,0.3,0.76,0.23,0.45,-0.31
007,97,0.31,0.78,0.21,0.47,-0.33
007,98,0.36,1.01,0.38,0.41,-0.31
007,99,0.36,0.87,0.25,0.44,-0.34
007,100,0.38,0.89,0.23,0.42,-0.35
007,101,0.36,0.97,0.25,0.44,-0.37
007,102,0.44,1.43,0.26,0.42,-0.4
007,103,0.4,1.3,0.34,0.42,-0.38
007,104,0.41,1.16,0.28,0.52,-0.37
007,105,0.4,1.96,0.31,0.55,-0.4
007,106,0.48,2.56,0.6,0.39,-0.34
007,107,0.53,2.34,0.87,0.39,-0.39
007,108,0.92,2.23,1.7,0.39,-0.42
007,109,0.52,1.84,1.7,0.43,-0.41
007,110,0.51,2.14,1.99,0.41,-0.38
007,111,0.5,2.66,2.05,0.41,-0.35
007,112,0.46,2.83,2.22,0.44,-0.34
007,113,0.45,2.85,2.14,0.44,-0.35
007,114,0.47,2.78,2.2,0.44,-0.36
007,115,0.45,2.76,2.19,0.43,-0.35
007,116,0.43,2.75,2.34,0.46,-0.36
007,117,0.41,2.64,2.21,0.47,-0.34
007,118,0.4,2.63,2.12,0.46,-0.34
007,119,0.4,2.53,2.11,0.48,-0.35
007,120,0.4,2.56,2.07,0.48,-0.34
007,121,0.4,2.59,2.09,0.48,-0.34
007,122,0.44,2.64,2.05,0.47,-0.35
007,123,0.38,2.62,2.07,0.46,-0.35
007,124,0.41,2.51,2.14,0.45,-0.35
007,125,0.61,2.59,2.17,0.46,-0.38
007,126,0.82,2.6,2.13,0.45,-0.38
007,127,0.89,2.65,1.94,0.41,-0.38
007,128,0.94,1.72,1.13,0.45,-0.4
007,129,0.93,1.55,0.81,0.44,-0.39
007,130,0.82,1.32,0.53,0.46,-0.37
007,131,0.46,0.74,0.31,0.41,-0.32
007,132,0.45,0.66,0.23,0.43,-0.33
007,133,0.49,0.85,0.22,0.53,-0.37
007,134,0.56,0.71,0.22,0.41,-0.33
007,135,0.59,0.73,0.25,0.38,-0.32
007,136,0.58,1.57,0.31,0.43,-0.36
007,137,0.47,1.37,0.31,0.46,-0.36
007,138,0.53,1.49,0.34,0.41,-0.37
007,139,0.43,0.91,0.28,0.39,-0.33
007,140,0.35,0.92,0.28,0.43,-0.33
007,141,0.39,1.4,0.31,0.52,-0.39
007,142,0.38,1.33,0.46,0.45,-0.38
007,143,0.53,1.89,0.61,0.45,-0.41
007,144,0.45,1.63,0.98,0.45,-0.38
007,145,0.47,1.7,1.28,0.44,-0.39
007,146,0.55,2.1,1.75,0.39,-0.37
007,147,0.42,2.61,2.01,0.38,-0.34
007,148,0.41,2.83,2.06,0.4,-0.32
007,149,0.38,2.8,2.16,0.44,-0.34
007,150,0.37,2.8,2.34,0.48,-0.35
007,151,0.41,2.74,2.23,0.46,-0.35
007,152,0.43,2.76,2.26,0.47,-0.35
007,153,0.4,2.71,2.28,0.48,-0.35
007,154,0.4,2.55,2.14,0.49,-0.34
007,155,0.38,2.64,2.1,0.53,-0.33
007,156,0.39,2.59,2.08,0.5,-0.34
007,157,0.39,2.58,2.1,0.49,-0.33
007,158,0.4,2.58,2.12,0.48,-0.34
007,159,0.39,2.57,2.11,0.48,-0.34
007,160,0.33,2.61,2.12,0.46,-0.34
007,161,0.38,2.65,2.1,0.45,-0.34
007,162,0.58,2.75,2.12,0.47,-0.37
007,163,0.79,2.64,2.09,0.46,-0.38
007,164,0.88,2.61,1.98,0.41,-0.37
007,165,0.79,2.02,1.23,0.39,-0.37
007,166,0.95,1.51,0.76,0.44,-0.4
007,167,1.02,1.55,0.65,0.43,-0.37
007,168,0.55,2.16,1.18,0.38,-0.3
007,169,0.49,0.96,0.28,0.47,-0.33
007,170,0.4,0.64,0.23,0.43,-0.3
007,171,0.54,0.95,0.3,0.41,-0.33
007,172,0.5,0.78,0.33,0.39,-0.32
007,173,0.49,0.8,0.28,0.38,-0.32
007,174,0.43,0.83,0.3,0.4,-0.34
007,175,0.64,1.26,0.34,0.32,-0.37
007,176,0.83,1.28,0.43,0.35,-0.38
007,177,0.55,1.28,0.39,0.39,-0.37
007,178,0.44,0.92,0.31,0.41,-0.34
007,179,0.55,1.85,0.4,0.43,-0.41
007,180,0.47,1.67,0.48,0.5,-0.41
007,181,0.62,2.25,1.03,0.46,-0.4
007,182,0.58,1.84,1.31,0.45,-0.39
007,183,0.51,2.09,1.74,0.39,-0.4
007,184,0.45,2.49,2.01,0.4,-0.38
007,185,0.52,2.78,2.05,0.4,-0.34
007,186,0.48,2.87,2.25,0.43,-0.34
007,187,0.44,2.87,2.38,0.46,-0.35
007,188,0.4,2.82,2.27,0.46,-0.34
007,189,0.44,2.74,2.29,0.48,-0.35
007,190,0.44,2.73,2.37,0.48,-0.35
007,191,0.41,2.67,2.34,0.48,-0.34
007,192,0.4,2.6,2.21,0.49,-0.34
007,193,0.39,2.72,2.19,0.45,-0.33
007,194,0.44,2.67,2.1,0.48,-0.34
007,195,0.46,2.71,2.12,0.48,-0.34
007,196,0.54,2.67,2.09,0.47,-0.35
007,197,0.59,2.63,2.12,0.46,-0.35
007,198,0.69,2.65,2.03,0.44,-0.36
007,199,0.94,2.68,2.18,0.41,-0.39
007,200,0.93,2.8,2.01,0.34,-0.36
007,201,0.97,2.61,1.88,0.37,-0.39
007,202,0.94,2.01,1.27,0.37,-0.39
007,203,0.75,1.71,0.92,0.38,-0.34
007,204,0.6,2.24,1.42,0.33,-0.3
007,205,0.62,2.02,1.33,0.36,-0.3
007,206,0.45,0.75,0.29,0.43,-0.3
007,207,0.43,0.68,0.24,0.4,-0.3
007,208,0.53,1.11,0.27,0.35,-0.28
007,209,0.51,1.19,0.31,0.47,-0.32
007,210,0.62,0.97,0.4,0.38,-0.29
007,211,0.56,0.76,0.35,0.23,-0.27
007,212,0.84,0.95,0.38,0.27,-0.32
007,213,0.51,1.25,0.35,0.41,-0.36
007,214,0.57,1.6,0.4,0.4,-0.39
007,215,0.7,1.29,0.52,0.35,-0.35
007,216,0.52,1.93,0.48,0.5,-0.42
007,217,0.51,1.58,0.55,0.49,-0.4
007,218,0.52,2.16,1.19,0.54,-0.41
007,219,0.52,2.03,1.47,0.47,-0.39
007,220,0.62,2.51,1.99,0.37,-0.39
007,221,0.41,2.84,1.99,0.35,-0.35
007,222,0.42,2.82,2.13,0.38,-0.33
007,223,0.51,2.9,2.19,0.42,-0.33
007,224,0.53,2.88,2.07,0.45,-0.36
007,225,0.59,2.75,2.08,0.44,-0.37
007,226,0.58,2.85,2.07,0.45,-0.37
007,227,0.62,2.74,2.06,0.47,-0.36
007,228,0.53,2.62,2.04,0.47,-0.35
007,229,0.5,2.63,2.09,0.45,-0.35
007,230,0.33,2.57,2.33,0.41,-0.32
007,231,0.27,2.55,2.48,0.39,-0.31
007,232,0.33,2.57,2.45,0.36,-0.27
007,233,0.34,2.4,2.31,0.35,-0.26
007,234,0.3,1.89,2.25,0.29,-0.21
007,235,0.3,1.48,2.16,0.36,-0.25
007,236,0.31,1.56,2.4,0.31,-0.25
007,237,0.34,1.41,2.26,0.3,-0.21
007,238,0.23,1.63,2.28,0.36,-0.18
007,239,0.25,1.71,2.16,0.33,-0.17
007,240,0.29,1.73,2.25,0.26,-0.16
007,241,0.29,1.67,2.31,0.32,-0.16
007,242,0.3,1.64,2.34,0.39,-0.22
007,243,0.33,1.52,2.54,0.46,-0.25
007,244,0.4,1.41,2.53,0.32,-0.2
007,245,0.26,1.02,1.97,0.32,-0.17
007,246,0.33,1.97,2.23,0.32,-0.21
007,247,0.41,2.1,2.47,0.26,-0.28
007,248,0.7,2.46,2.95,0.19,-0.18
007,249,0.58,2.93,2.83,0.18,-0.36
007,250,0.17,3.07,2.95,0.15,-0.23
007,251,0.14,2.8,2.99,-0.11,0.03
007,252,0.42,2.9,3.05,-0.06,0.05
007,253,0.05,2.43,2.23,0.22,-0.33
007,254,0,0,0,0,0
007,255,0,0,0,0,0
007,256,0,0,0,0,0
008,1,0.12,0.47,0.61,-0.05,-0.17
008,2,0.34,1.18,1.36,0.31,-0.19
008,3,0.67,1.54,1.85,0.43,-0.27
008,4,0.96,1.67,2.25,0.35,-0.25
008,5,0.69,1.63,2.33,0.3,-0.25
008,6,0.43,2.69,2.85,0.32,-0.24
008,7,0.43,2.69,2.82,0.32,-0.25
008,8,0.3,2.49,2.73,0.32,-0.28
008,9,0.32,2.6,2.8,0.41,-0.3
008,10,0.3,2.68,2.87,0.46,-0.34
008,11,0.29,2.7,2.91,0.44,-0.33
008,12,0.28,2.58,2.88,0.38,-0.3
008,13,0.31,2.54,2.88,0.3,-0.28
008,14,0.28,2.59,2.87,0.32,-0.29
008,15,0.28,2.17,2.84,0.35,-0.27
008,16,0.29,2.27,2.92,0.32,-0.27
008,17,0.41,2.3,2.42,0.37,-0.33
008,18,0.41,2.36,2.4,0.37,-0.35
008,19,0.41,2.5,2.33,0.35,-0.36
008,20,0.33,2.43,2.4,0.37,-0.34
008,21,0.36,2.55,2.45,0.44,-0.37
008,22,0.35,2.6,2.39,0.38,-0.36
008,23,0.31,2.54,2.41,0.4,-0.35
008,24,0.23,2.28,2.45,0.44,-0.31
008,25,0.23,2.39,2.28,0.42,-0.3
008,26,0.24,2.31,2.27,0.47,-0.3
008,27,0.24,2.32,2.32,0.48,-0.31
008,28,0.27,2.37,2.19,0.46,-0.3
008,29,0.28,2.57,2.15,0.47,-0.32
008,30,0.27,2.55,2.08,0.44,-0.32
008,31,0.25,2.54,2.11,0.43,-0.33
008,32,0.29,2.53,2.18,0.44,-0.33
008,33,0.29,2.53,2.16,0.45,-0.33
008,34,0.28,2.55,2.02,0.46,-0.34
008,35,0.27,2.59,2.01,0.44,-0.34
008,36,0.24,2.62,2.01,0.44,-0.34
008,37,0.31,2.61,2.0,0.42,-0.35
008,38,0.24,2.65,2.05,0.42,-0.35
008,39,0.24,2.65,2.14,0.42,-0.35
008,40,0.24,2.63,2.15,0.43,-0.35
008,41,0.26,2.64,2.12,0.44,-0.35
008,42,0.23,2.63,2.11,0.43,-0.34
008,43,0.29,2.56,2.03,0.44,-0.34
008,44,0.26,2.51,2.08,0.45,-0.34
008,45,0.25,2.48,2.08,0.45,-0.34
008,46,0.26,2.54,2.07,0.44,-0.34
008,47,0.29,2.53,1.98,0.44,-0.34
008,48,0.27,2.6,2.13,0.42,-0.34
008,49,0.29,2.62,2.25,0.42,-0.34
008,50,0.28,2.61,2.2,0.41,-0.33
008,51,0.29,2.54,2.21,0.45,-0.34
008,52,0.31,2.54,2.14,0.44,-0.35
008,53,0.33,2.51,2.12,0.44,-0.35
008,54,0.42,2.45,2.06,0.45,-0.36
008,55,0.64,2.62,2.06,0.44,-0.37
008,56,0.62,2.63,2.16,0.42,-0.38
008,57,0.71,2.69,2.07,0.41,-0.38
008,58,0.89,2.73,1.91,0.38,-0.38
008,59,0.99,2.55,1.81,0.35,-0.38
008,60,0.96,1.67,1.02,0.52,-0.4
008,61,0.76,1.24,0.57,0.5,-0.38
008,62,0.53,0.76,0.28,0.46,-0.34
008,63,0.43,0.76,0.24,0.41,-0.34
008,64,0.37,0.57,0.2,0.3,-0.27
008,65,0.37,1.26,0.23,0.45,-0.37
008,66,0.31,1.53,0.26,0.44,-0.36
008,67,0.43,2.33,0.28,0.37,-0.25
008,68,0.74,1.93,0.31,0.23,-0.28
008,69,0.93,2.38,1.11,0.27,-0.21
008,70,1.11,2.06,0.39,0.4,-0.22
008,71,1.09,1.76,0.66,0.22,-0.22
008,72,1.08,1.6,0.48,0.22,-0.29
008,73,1.13,1.35,0.36,0.15,-0.31
008,74,1.22,1.79,0.42,0.23,-0.33
008,75,0.92,2.04,0.54,0.39,-0.34
008,76,0.58,1.91,0.47,0.49,-0.37
008,77,0.26,2.5,0.42,0.53,-0.33
008,78,0.71,2.67,2.22,0.07,-0.19
008,79,1.46,2.53,2.51,0.35,-0.2
008,80,0.6,1.94,1.96,0.34,-0.37
008,81,0.48,2.14,2.14,0.41,-0.41
008,82,0.49,2.4,2.16,0.38,-0.38
008,83,0.41,2.72,2.32,0.41,-0.36
008,84,0.37,2.77,2.33,0.42,-0.35
008,85,0.39,2.83,2.13,0.42,-0.34
008,86,0.4,2.79,2.2,0.47,-0.35
008,87,0.38,2.76,2.3,0.45,-0.34
008,88,0.4,2.67,2.31,0.46,-0.35
008,89,0.42,2.62,2.26,0.45,-0.35
008,90,0.42,2.58,2.28,0.48,-0.34
008,91,0.39,2.59,2.21,0.48,-0.34
008,92,0.42,2.58,2.15,0.49,-0.34
008,93,0.4,2.56,2.12,0.49,-0.35
008,94,0.41,2.53,2.08,0.48,-0.34
008,95,0.52,2.57,2.15,0.5,-0.35
008,96,0.74,2.52,2.22,0.48,-0.38
008,97,0.89,2.7,2.03,0.37,-0.38
008,98,0.89,2.61,1.78,0.35,-0.37
008,99,0.98,2.5,1.68,0.3,-0.36
008,100,0.74,1.08,0.62,0.44,-0.34
008,101,0.66,1.23,0.52,0.49,-0.35
008,102,0.54,0.87,0.33,0.44,-0.31
008,103,0.46,0.72,0.29,0.39,-0.29
008,104,0.32,0.91,0.27,0.5,-0.33
008,105,0.32,0.77,0.28,0.4,-0.31
008,106,0.36,2.46,0.41,0.32,-0.26
008,107,0.28,2.4,0.31,0.33,-0.24
008,108,0.51,2.32,0.3,0.24,-0.22
008,109,0.62,2.12,0.26,0.29,-0.24
008,110,1.04,2.15,0.37,0.25,-0.21
008,111,0.9,1.98,0.44,0.24,-0.24
008,112,0.66,1.65,0.57,0.23,-0.28
008,113,0.92,1.47,0.35,0.31,-0.34
008,114,0.63,1.65,0.6,0.41,-0.36
008,115,0.66,1.43,0.52,0.37,-0.37
008,116,0.53,1.95,0.54,0.56,-0.37
008,117,0.46,2.53,0.46,0.47,-0.28
008,118,0.6,2.55,1.95,0.46,-0.33
008,119,0.58,2.02,1.99,0.42,-0.39
008,120,0.54,2.07,1.94,0.42,-0.41
008,121,0.47,2.32,2.08,0.38,-0.38
008,122,0.34,2.65,1.89,0.38,-0.33
008,123,0.37,2.73,2.23,0.4,-0.34
008,124,0.34,2.75,2.31,0.46,-0.34
008,125,0.34,2.77,2.22,0.46,-0.35
008,126,0.35,2.75,2.22,0.45,-0.34
008,127,0.36,2.68,2.28,0.47,-0.35
008,128,0.37,2.61,2.3,0.47,-0.34
008,129,0.37,2.61,2.25,0.5,-0.34
008,130,0.36,2.63,2.21,0.49,-0.33
008,131,0.37,2.56,2.21,0.5,-0.34
008,132,0.39,2.56,2.17,0.5,-0.34
008,133,0.39,2.54,2.07,0.47,-0.34
008,134,0.45,2.54,2.07,0.46,-0.34
008,135,0.6,2.47,2.13,0.48,-0.37
008,136,0.72,2.26,2.14,0.44,-0.37
008,137,1.04,1.62,1.43,0.46,-0.38
008,138,0.97,1.57,1.0,0.53,-0.4
008,139,0.84,0.9,0.45,0.46,-0.33
008,140,0.49,0.8,0.31,0.5,-0.34
008,141,0.45,0.75,0.26,0.4,-0.29
008,142,0.33,0.57,0.2,0.4,-0.28
008,143,0.37,1.92,0.97,0.36,-0.3
008,144,0.39,1.94,0.86,0.41,-0.29
008,145,0.69,1.61,0.69,0.36,-0.31
008,146,1.1,2.22,1.65,0.28,-0.23
008,147,1.02,1.94,1.54,0.29,-0.23
008,148,0.81,2.0,1.6,0.31,-0.24
008,149,0.53,2.03,0.44,0.36,-0.25
008,150,0.35,1.38,0.25,0.49,-0.37
008,151,0.5,0.91,0.31,0.34,-0.32
008,152,0.64,1.55,0.38,0.36,-0.37
008,153,0.48,2.27,0.44,0.41,-0.34
008,154,0.6,2.48,1.97,0.44,-0.31
008,155,0.7,2.0,1.82,0.41,-0.38
008,156,0.55,1.85,1.83,0.44,-0.39
008,157,0.5,2.26,1.85,0.39,-0.36
008,158,0.41,2.69,2.14,0.42,-0.34
008,159,0.42,2.81,2.4,0.42,-0.35
008,160,0.37,2.83,2.48,0.48,-0.34
008,161,0.36,2.84,2.17,0.44,-0.32
008,162,0.36,2.69,2.3,0.46,-0.34
008,163,0.36,2.69,2.27,0.45,-0.34
008,164,0.35,2.62,2.19,0.48,-0.33
008,165,0.33,2.56,2.18,0.5,-0.33
008,166,0.34,2.51,2.18,0.5,-0.33
008,167,0.36,2.5,2.19,0.49,-0.32
008,168,0.35,2.54,2.15,0.48,-0.33
008,169,0.37,2.56,2.17,0.49,-0.33
008,170,0.47,2.61,2.11,0.47,-0.34
008,171,0.6,2.62,2.1,0.47,-0.34
008,172,0.98,2.85,2.05,0.42,-0.38
008,173,1.09,2.66,1.98,0.39,-0.37
008,174,0.93,2.21,1.49,0.39,-0.37
008,175,1.12,1.58,0.95,0.38,-0.38
008,176,0.77,1.02,0.51,0.37,-0.33
008,177,0.67,1.56,0.52,0.41,-0.33
008,178,0.56,1.14,0.33,0.42,-0.34
008,179,0.46,1.88,0.85,0.35,-0.3
008,180,0.88,2.46,1.25,0.24,-0.26
008,181,0.55,2.18,1.1,0.26,-0.27
008,182,0.61,1.97,0.39,0.34,-0.25
008,183,0.47,2.5,0.77,0.24,-0.16
008,184,0.74,1.73,0.52,0.48,-0.21
008,185,0.64,2.55,0.26,0.31,-0.22
008,186,0.67,1.89,0.25,0.41,-0.33
008,187,0.49,2.34,0.28,0.39,-0.27
008,188,0.74,2.07,0.36,0.43,-0.36
008,189,0.75,2.59,0.38,0.39,-0.28
008,190,0.28,2.35,0.44,0.52,-0.37
008,191,0.29,2.26,0.52,0.6,-0.38
008,192,0.76,2.39,2.26,0.44,-0.34
008,193,0.75,2.06,2.24,0.46,-0.39
008,194,0.62,2.04,2.29,0.46,-0.4
008,195,0.45,2.38,2.25,0.4,-0.39
008,196,0.36,2.74,2.2,0.41,-0.33
008,197,0.38,2.77,2.39,0.46,-0.36
008,198,0.36,2.74,2.42,0.5,-0.35
008,199,0.36,2.72,2.23,0.49,-0.35
008,200,0.37,2.66,2.31,0.48,-0.36
008,201,0.38,2.69,2.38,0.47,-0.35
008,202,0.38,2.59,2.29,0.5,-0.34
008,203,0.36,2.59,2.24,0.49,-0.33
008,204,0.36,2.62,2.2,0.49,-0.32
008,205,0.3,2.59,2.12,0.47,-0.32
008,206,0.34,2.58,2.11,0.46,-0.32
008,207,0.38,2.57,2.05,0.44,-0.32
008,208,0.51,2.58,2.02,0.45,-0.33
008,209,0.7,2.59,2.03,0.47,-0.33
008,210,0.84,2.66,2.04,0.44,-0.33
008,211,0.86,2.62,1.98,0.39,-0.36
008,212,0.89,1.93,1.29,0.45,-0.37
008,213,1.06,1.39,0.82,0.5,-0.4
008,214,0.82,1.02,0.43,0.38,-0.35
008,215,0.28,0.85,0.21,0.49,-0.33
008,216,0.33,0.87,0.25,0.41,-0.28
008,217,0.49,2.46,1.24,0.39,-0.27
008,218,0.47,2.02,0.39,0.32,-0.24
008,219,0.63,2.55,1.41,0.16,-0.19
008,220,0.91,2.15,0.48,0.29,-0.26
008,221,0.92,2.37,1.43,0.19,-0.25
008,222,0.42,1.66,1.09,0.03,-0.22
008,223,0.55,2.44,1.17,0.23,-0.17
008,224,0.45,0.91,0.3,0.35,-0.3
008,225,0.47,1.73,0.36,0.43,-0.37
008,226,0.69,1.58,0.45,0.41,-0.38
008,227,0.78,2.2,0.48,0.43,-0.37
008,228,0.39,2.44,0.51,0.43,-0.36
008,229,0.35,2.09,0.85,0.66,-0.4
008,230,0.56,1.87,1.52,0.42,-0.38
008,231,0.63,2.19,1.92,0.4,-0.41
008,232,0.53,2.61,2.12,0.38,-0.37
008,233,0.39,2.77,2.15,0.41,-0.33
008,234,0.39,2.81,2.27,0.42,-0.33
008,235,0.4,2.82,2.4,0.45,-0.35
008,236,0.37,2.79,2.27,0.46,-0.33
008,237,0.36,2.64,2.26,0.48,-0.35
008,238,0.38,2.67,2.26,0.48,-0.34
008,239,0.4,2.64,2.27,0.49,-0.34
008,240,0.36,2.58,2.2,0.48,-0.33
008,241,0.35,2.56,2.12,0.48,-0.32
008,242,0.34,2.59,2.06,0.45,-0.32
008,243,0.36,2.57,2.05,0.46,-0.32
008,244,0.34,2.55,2.03,0.46,-0.33
008,245,0.41,2.57,2.0,0.46,-0.33
008,246,0.59,2.64,2.0,0.45,-0.34
008,247,0.76,2.72,2.02,0.43,-0.34
008,248,0.93,2.69,1.96,0.41,-0.34
008,249,0.91,2.71,1.87,0.37,-0.33
008,250,0.72,2.8,1.88,0.32,-0.31
008,251,1.03,2.61,1.73,0.34,-0.36
008,252,1.18,1.53,0.98,0.34,-0.35
008,253,0.76,1.54,0.59,0.38,-0.33
008,254,0.73,1.22,0.36,0.46,-0.33
008,255,0.36,0.75,0.3,0.35,-0.28
008,256,0.99,2.23,1.49,0.23,-0.24
008,257,0.65,1.71,0.72,0.26,-0.32
008,258,0.5,1.59,0.49,0.36,-0.28
008,259,0.61,1.61,0.47,0.25,-0.24
008,260,0.89,2.38,0.8,0.28,-0.19
008,261,1.48,2.08,0.33,0.47,-0.26
008,262,0.72,1.32,0.26,0.39,-0.32
008,263,0.89,0.73,0.28,0.28,-0.26
008,264,0.84,1.5,0.38,0.46,-0.36
008,265,0.78,1.86,0.62,0.43,-0.39
008,266,0.51,2.29,0.53,0.24,-0.38
008,267,0.46,2.69,1.33,0.34,-0.23
008,268,0.46,2.39,1.31,0.42,-0.33
008,269,0.54,2.24,2.05,0.41,-0.37
008,270,0.51,2.08,1.99,0.46,-0.39
008,271,0.43,2.21,2.32,0.47,-0.4
008,272,0.37,2.64,2.22,0.39,-0.33
008,273,0.33,2.71,2.32,0.44,-0.34
008,274,0.38,2.78,2.32,0.44,-0.34
008,275,0.37,2.74,2.3,0.49,-0.35
008,276,0.4,2.75,2.19,0.45,-0.34
008,277,0.39,2.72,2.28,0.46,-0.35
008,278,0.38,2.7,2.32,0.47,-0.34
008,279,0.38,2.68,2.3,0.48,-0.33
008,280,0.41,2.64,2.24,0.47,-0.33
008,281,0.41,2.61,2.2,0.48,-0.33
008,282,0.45,2.53,2.07,0.45,-0.31
008,283,0.59,2.71,2.09,0.45,-0.37
008,284,0.78,2.52,2.15,0.43,-0.37
008,285,0.81,2.29,1.98,0.4,-0.37
008,286,0.8,1.52,1.16,0.44,-0.36
008,287,0.89,1.29,0.75,0.44,-0.35
008,288,0.85,1.04,0.5,0.53,-0.33
008,289,0.71,1.09,0.4,0.45,-0.34
008,290,0.47,0.88,0.3,0.45,-0.31
008,291,0.51,1.14,0.29,0.22,-0.31
008,292,0.57,0.84,0.27,0.3,-0.32
008,293,0.76,2.39,1.49,0.34,-0.27
008,294,0.8,2.43,0.58,0.29,-0.26
008,295,0.56,2.01,0.4,0.33,-0.28
008,296,0.62,1.94,0.45,0.34,-0.28
008,297,0.89,2.28,1.13,0.28,-0.26
008,298,0.58,1.96,0.36,0.49,-0.33
008,299,0.69,1.33,0.37,0.38,-0.35
008,300,0.83,1.83,0.62,0.39,-0.37
008,301,0.44,2.19,0.63,0.55,-0.39
008,302,0.48,2.6,0.62,0.47,-0.3
008,303,1.05,2.51,2.31,0.39,-0.26
008,304,0.47,2.11,1.72,0.35,-0.36
008,305,0.52,2.18,1.93,0.44,-0.38
008,306,0.48,2.55,2.3,0.38,-0.36
008,307,0.41,2.82,2.22,0.38,-0.32
008,308,0.43,2.85,2.31,0.4,-0.33
008,309,0.45,2.87,2.19,0.4,-0.32
008,310,0.49,2.87,2.05,0.39,-0.33
008,311,0.35,2.79,2.05,0.38,-0.33
008,312,0.34,2.68,2.33,0.42,-0.33
008,313,0.32,2.57,2.59,0.34,-0.25
008,314,0.32,2.33,2.55,0.32,-0.21
008,315,0.28,1.96,2.42,0.44,-0.23
008,316,0.31,1.85,2.49,0.37,-0.26
008,317,0.27,1.64,2.31,0.32,-0.21
008,318,0.24,1.89,2.49,0.31,-0.18
008,319,0.23,1.71,2.35,0.27,-0.16
008,320,0.22,2.17,2.66,0.26,-0.15
008,321,0.28,1.8,2.31,0.34,-0.19
008,322,0.3,1.73,2.33,0.36,-0.22
008,323,0.31,1.71,2.44,0.35,-0.24
008,324,0.51,1.74,2.58,0.34,-0.25
008,325,0.56,0.9,2.43,0.04,-0.13
008,326,0.54,1.01,2.42,0.19,-0.22
008,327,0.5,1.11,1.94,0.19,-0.22
008,328,0.24,0.77,1.4,0.08,-0.14
008,329,0.42,0.72,1.35,0.16,-0.19
008,330,0.3,0.87,1.5,0.25,-0.26
008,331,0,0,0,0,0
008,332,0,0,0,0,0
008,333,0,0,0,0,0
009,1,0,0,0,0,0
009,2,0,0,0,0,0
009,3,0,0,0,0,0
009,4,0,0,0,0,0
009,5,0.21,1.34,1.46,0.14,-0.19
009,6,0.2,0.69,0.86,0.31,-0.17
009,7,0.23,1.83,2.16,0.21,-0.18
009,8,0.31,1.63,2.16,0.24,-0.17
009,9,0.3,2.05,2.49,0.33,-0.25
009,10,0.32,1.97,2.59,0.29,-0.25
009,11,0.38,2.07,2.65,0.43,-0.26
009,12,0.31,2.12,2.66,0.41,-0.28
009,13,0.3,1.97,2.55,0.43,-0.27
009,14,0.27,1.86,2.8,0.36,-0.22
009,15,0.27,2.15,2.95,0.3,-0.2
009,16,0.23,2.09,2.6,0.32,-0.22
009,17,0.23,2.17,2.52,0.29,-0.23
009,18,0.21,1.99,2.57,0.31,-0.21
009,19,0.25,1.93,2.48,0.43,-0.27
009,20,0.31,2.23,2.83,0.41,-0.28
009,21,0.27,2.34,2.88,0.39,-0.26
009,22,0.28,2.54,2.83,0.39,-0.29
009,23,0.27,2.34,2.63,0.42,-0.28
009,24,0.28,2.3,2.62,0.43,-0.28
009,25,0.28,2.37,2.66,0.44,-0.29
009,26,0.33,2.49,2.68,0.42,-0.3
009,27,0.33,2.55,2.7,0.44,-0.33
009,28,0.42,2.5,2.49,0.41,-0.32
009,29,0.47,2.32,2.46,0.45,-0.31
009,30,0.25,2.22,2.38,0.46,-0.3
009,31,0.23,2.35,2.47,0.41,-0.28
009,32,0.24,2.39,2.5,0.41,-0.28
009,33,0.22,2.37,2.54,0.43,-0.28
009,34,0.22,2.07,2.51,0.52,-0.3
009,35,0.24,1.89,2.5,0.54,-0.31
009,36,0.23,1.91,2.48,0.53,-0.31
009,37,0.22,1.97,2.51,0.52,-0.31
009,38,0.22,2.02,2.53,0.51,-0.31
009,39,0.21,2.14,2.42,0.48,-0.29
009,40,0.24,2.29,2.45,0.44,-0.28
009,41,0.26,2.3,2.42,0.44,-0.3
009,42,0.24,2.21,2.42,0.45,-0.31
009,43,0.24,2.4,2.39,0.45,-0.32
009,44,0.25,2.36,2.39,0.46,-0.32
009,45,0.24,2.29,2.37,0.43,-0.31
009,46,0.23,2.34,2.35,0.43,-0.31
009,47,0.22,2.33,2.35,0.45,-0.3
009,48,0.22,2.34,2.36,0.44,-0.3
009,49,0.22,2.35,2.45,0.42,-0.3
009,50,0.24,2.35,2.4,0.41,-0.29
009,51,0.25,2.42,2.35,0.39,-0.28
009,52,0.28,2.44,2.3,0.4,-0.29
009,53,0.29,2.41,2.27,0.4,-0.29
009,54,0.28,2.46,2.36,0.4,-0.29
009,55,0.28,2.46,2.4,0.42,-0.28
009,56,0.28,2.47,2.44,0.42,-0.28
009,57,0.23,2.52,2.5,0.41,-0.27
009,58,0.21,2.4,2.45,0.46,-0.26
009,59,0.2,2.37,2.46,0.47,-0.26
009,60,0.24,2.42,2.44,0.46,-0.28
009,61,0.36,2.45,2.39,0.42,-0.29
009,62,0.39,2.4,2.37,0.44,-0.31
009,63,0.44,2.41,2.34,0.44,-0.31
009,64,0.41,2.33,2.3,0.46,-0.31
009,65,0.36,2.2,2.4,0.49,-0.31
009,66,0.39,2.25,2.33,0.47,-0.32
009,67,0.34,2.25,2.34,0.46,-0.32
009,68,0.26,2.2,2.32,0.48,-0.31
009,69,0.21,2.16,2.3,0.48,-0.29
009,70,0.21,2.13,2.33,0.49,-0.29
009,71,0.23,2.16,2.34,0.49,-0.29
009,72,0.23,2.12,2.29,0.51,-0.29
009,73,0.28,2.15,2.23,0.49,-0.3
009,74,0.35,2.23,2.22,0.47,-0.33
009,75,0.32,2.38,2.27,0.48,-0.33
009,76,0.33,2.44,2.34,0.43,-0.31
009,77,0.34,2.46,2.39,0.43,-0.31
009,78,0.33,2.5,2.26,0.44,-0.33
009,79,0.33,2.48,2.25,0.45,-0.33
009,80,0.33,2.48,2.34,0.45,-0.33
009,81,0.33,2.45,2.37,0.45,-0.32
009,82,0.32,2.46,2.37,0.44,-0.32
009,83,0.32,2.48,2.44,0.44,-0.31
009,84,0.32,2.49,2.44,0.44,-0.3
009,85,0.29,2.48,2.57,0.37,-0.25
009,86,0.27,1.79,2.38,0.33,-0.22
009,87,0.31,1.48,2.15,0.36,-0.22
009,88,0.31,0.82,1.6,0.26,-0.21
009,89,0.31,0.51,1.17,0.26,-0.19
009,90,0.28,0.4,0.92,0.23,-0.17
009,91,0.24,0.36,0.76,0.22,-0.17
009,92,0.26,0.31,0.7,0.21,-0.18
009,93,0.25,0.28,0.61,0.22,-0.18
009,94,0.32,0.25,0.69,0.21,-0.17
009,95,0.27,0.25,0.88,0.21,-0.16
009,96,0.25,0.3,0.91,0.18,-0.16
009,97,0.26,0.34,0.75,0.24,-0.17
009,98,0.23,0.39,0.85,0.27,-0.17
009,99,0.22,0.49,1.21,0.31,-0.19
009,100,0.37,0.98,1.94,0.29,-0.24
009,101,0.3,1.23,2.07,0.37,-0.27
009,102,0.3,1.52,2.27,0.38,-0.28
009,103,0.31,1.8,2.5,0.39,-0.28
009,104,0.34,2.04,2.65,0.44,-0.31
009,105,0.34,2.26,2.57,0.44,-0.32
009,106,0.34,2.43,2.51,0.43,-0.34
009,107,0.32,2.43,2.46,0.42,-0.33
009,108,0.31,2.33,2.48,0.43,-0.33
009,109,0.31,2.31,2.47,0.44,-0.32
009,110,0.29,2.3,2.42,0.44,-0.31
009,111,0.27,2.33,2.4,0.45,-0.31
009,112,0.29,2.34,2.39,0.44,-0.31
009,113,0.33,2.4,2.3,0.41,-0.3
009,114,0.32,2.29,2.38,0.4,-0.26
009,115,0.27,2.33,2.37,0.34,-0.22
009,116,0.32,1.65,2.49,0.26,-0.18
009,117,0.35,1.25,2.21,0.24,-0.17
009,118,0.34,0.86,1.93,0.18,-0.15
009,119,0.36,0.59,1.65,0.17,-0.13
009,120,0.37,0.4,1.27,0.09,-0.11
009,121,0.3,0.34,0.94,0.11,-0.1
009,122,0.28,0.31,0.76,0.11,-0.11
009,123,0.31,0.28,0.66,0.11,-0.1
009,124,0.33,0.28,0.67,0.08,-0.1
009,125,0.37,0.26,0.66,0.07,-0.1
009,126,0.44,0.25,0.71,0.08,-0.09
009,127,0.36,0.27,0.76,0.11,-0.1
009,128,0.35,0.38,0.84,0.17,-0.11
009,129,0.3,0.5,1.23,0.18,-0.12
009,130,0.37,0.82,1.77,0.2,-0.17
009,131,0.39,1.06,2.06,0.23,-0.21
009,132,0.35,1.27,2.13,0.31,-0.25
009,133,0.33,1.82,2.45,0.4,-0.29
009,134,0.33,2.13,2.53,0.47,-0.34
009,135,0.32,2.18,2.47,0.48,-0.31
009,136,0.3,2.25,2.57,0.45,-0.32
009,137,0.3,2.25,2.59,0.47,-0.33
009,138,0.29,2.31,2.54,0.49,-0.34
009,139,0.31,2.24,2.41,0.5,-0.34
009,140,0.3,2.22,2.41,0.51,-0.34
009,141,0.29,2.19,2.43,0.5,-0.34
009,142,0.29,2.25,2.36,0.46,-0.31
009,143,0.26,2.21,2.39,0.47,-0.31
009,144,0.26,2.3,2.36,0.45,-0.29
009,145,0.23,2.2,2.38,0.43,-0.25
009,146,0.24,1.67,2.46,0.35,-0.21
009,147,0.27,1.25,2.19,0.33,-0.2
009,148,0.34,1.08,2.12,0.21,-0.16
009,149,0.42,0.58,1.61,0.24,-0.14
009,150,0.4,0.48,1.75,0.18,-0.12
009,151,0.26,0.4,1.35,0.11,-0.12
009,152,0.29,0.37,0.92,0.14,-0.12
009,153,0.34,0.33,0.79,0.12,-0.11
009,154,0.33,0.3,0.7,0.17,-0.12
009,155,0.36,0.28,0.66,0.13,-0.12
009,156,0.4,0.24,0.62,0.15,-0.12
009,157,0.4,0.23,0.65,0.12,-0.12
009,158,0.4,0.23,0.71,0.11,-0.12
009,159,0.35,0.26,0.62,0.14,-0.12
009,160,0.38,0.29,0.71,0.11,-0.11
009,161,0.46,0.4,1.02,0.12,-0.11
009,162,0.51,0.59,1.63,0.15,-0.13
009,163,0.42,0.81,1.78,0.17,-0.16
009,164,0.47,1.07,2.09,0.24,-0.21
009,165,0.39,1.32,2.26,0.32,-0.25
009,166,0.4,1.66,2.39,0.37,-0.27
009,167,0.42,2.21,2.41,0.46,-0.34
009,168,0.35,2.23,2.45,0.48,-0.34
009,169,0.34,2.25,2.62,0.43,-0.35
009,170,0.3,2.27,2.59,0.47,-0.34
009,171,0.35,2.3,2.53,0.5,-0.36
009,172,0.31,2.31,2.54,0.49,-0.35
009,173,0.31,2.24,2.52,0.51,-0.34
009,174,0.32,2.21,2.52,0.5,-0.33
009,175,0.33,2.18,2.45,0.5,-0.33
009,176,0.34,2.21,2.43,0.49,-0.33
009,177,0.35,2.28,2.42,0.46,-0.32
009,178,0.28,2.34,2.44,0.42,-0.3
009,179,0.26,2.45,2.45,0.4,-0.26
009,180,0.28,1.79,2.52,0.34,-0.23
009,181,0.24,1.3,2.16,0.33,-0.2
009,182,0.26,0.81,1.64,0.27,-0.18
009,183,0.3,0.59,1.38,0.23,-0.16
009,184,0.3,0.45,1.09,0.16,-0.14
009,185,0.25,0.38,0.91,0.15,-0.13
009,186,0.22,0.31,0.78,0.16,-0.13
009,187,0.23,0.27,0.65,0.17,-0.13
009,188,0.26,0.26,0.58,0.17,-0.12
009,189,0.3,0.19,0.53,0.13,-0.11
009,190,0.32,0.16,0.55,0.1,-0.09
009,191,0.43,0.17,0.59,0.05,-0.08
009,192,0.37,0.21,0.75,0.09,-0.1
009,193,0.32,0.27,0.74,0.09,-0.1
009,194,0.26,0.32,0.8,0.17,-0.14
009,195,0.27,0.44,1.1,0.27,-0.16
009,196,0.28,0.66,1.57,0.3,-0.2
009,197,0.26,0.85,1.69,0.32,-0.24
009,198,0.41,1.38,2.12,0.36,-0.29
009,199,0.34,1.62,2.32,0.39,-0.32
009,200,0.38,2.18,2.59,0.46,-0.34
009,201,0.38,2.35,2.59,0.44,-0.35
009,202,0.37,2.41,2.56,0.45,-0.35
009,203,0.36,2.44,2.52,0.44,-0.34
009,204,0.37,2.45,2.53,0.43,-0.36
009,205,0.35,2.42,2.49,0.44,-0.35
009,206,0.35,2.36,2.5,0.46,-0.34
009,207,0.34,2.3,2.5,0.45,-0.34
009,208,0.34,2.29,2.47,0.46,-0.33
009,209,0.34,2.3,2.47,0.46,-0.33
009,210,0.34,2.32,2.44,0.46,-0.33
009,211,0.31,2.33,2.31,0.43,-0.31
009,212,0.29,2.37,2.33,0.41,-0.28
009,213,0.28,2.44,2.49,0.34,-0.25
009,214,0.33,1.51,2.31,0.29,-0.2
009,215,0.33,1.31,2.16,0.28,-0.19
009,216,0.33,0.93,1.93,0.19,-0.16
009,217,0.37,0.5,1.46,0.12,-0.14
009,218,0.38,0.41,1.17,0.11,-0.12
009,219,0.35,0.34,0.82,0.14,-0.12
009,220,0.31,0.29,0.65,0.16,-0.12
009,221,0.33,0.27,0.65,0.14,-0.12
009,222,0.33,0.25,0.69,0.16,-0.14
009,223,0.36,0.23,0.69,0.16,-0.13
009,224,0.42,0.26,0.79,0.16,-0.14
009,225,0.41,0.28,0.85,0.17,-0.14
009,226,0.35,0.36,0.88,0.21,-0.15
009,227,0.36,0.44,1.03,0.23,-0.15
009,228,0.42,0.74,1.68,0.19,-0.18
009,229,0.4,0.87,1.82,0.23,-0.2
009,230,0.41,1.14,2.13,0.21,-0.25
009,231,0.34,1.75,2.42,0.35,-0.27
009,232,0.38,2.1,2.56,0.4,-0.31
009,233,0.37,2.17,2.46,0.42,-0.32
009,234,0.35,2.3,2.59,0.44,-0.34
009,235,0.36,2.3,2.51,0.45,-0.34
009,236,0.35,2.26,2.42,0.48,-0.34
009,237,0.35,2.26,2.51,0.46,-0.34
009,238,0.35,2.29,2.51,0.46,-0.34
009,239,0.35,2.29,2.47,0.46,-0.33
009,240,0.35,2.29,2.45,0.45,-0.33
009,241,0.34,2.28,2.44,0.44,-0.33
009,242,0.34,2.29,2.41,0.45,-0.33
009,243,0.36,2.3,2.42,0.44,-0.33
009,244,0.32,2.3,2.29,0.38,-0.28
009,245,0.31,2.17,2.22,0.36,-0.26
009,246,0.28,1.24,2.16,0.32,-0.21
009,247,0.29,0.95,1.91,0.28,-0.19
009,248,0.3,0.65,1.57,0.21,-0.16
009,249,0.31,0.47,1.47,0.13,-0.14
009,250,0.32,0.39,1.22,0.13,-0.13
009,251,0.24,0.3,1.04,0.15,-0.12
009,252,0.25,0.28,0.7,0.14,-0.13
009,253,0.29,0.25,0.65,0.14,-0.13
009,254,0.33,0.22,0.64,0.13,-0.12
009,255,0.37,0.22,0.6,0.16,-0.12
009,256,0.34,0.25,0.71,0.12,-0.12
009,257,0.29,0.27,1.11,0.13,-0.13
009,258,0.29,0.33,1.12,0.16,-0.13
009,259,0.29,0.41,1.45,0.21,-0.14
009,260,0.38,0.77,1.8,0.2,-0.18
009,261,0.44,1.01,2.04,0.23,-0.22
009,262,0.41,1.26,2.17,0.26,-0.26
009,263,0.36,1.59,2.41,0.33,-0.25
009,264,0.36,2.09,2.53,0.39,-0.28
009,265,0.36,2.14,2.62,0.41,-0.32
009,266,0.33,2.15,2.6,0.46,-0.33
009,267,0.33,2.23,2.5,0.49,-0.34
009,268,0.33,2.24,2.43,0.49,-0.33
009,269,0.32,2.24,2.45,0.47,-0.33
009,270,0.32,2.23,2.46,0.47,-0.33
009,271,0.33,2.18,2.43,0.48,-0.33
009,272,0.33,2.19,2.42,0.48,-0.33
009,273,0.32,2.17,2.45,0.47,-0.32
009,274,0.31,2.17,2.48,0.46,-0.33
009,275,0.33,2.25,2.38,0.46,-0.32
009,276,0.34,2.29,2.34,0.46,-0.32
009,277,0.36,2.22,2.4,0.45,-0.32
009,278,0.35,2.26,2.39,0.5,-0.33
009,279,0.32,2.23,2.42,0.49,-0.33
009,280,0.33,2.19,2.44,0.46,-0.32
009,281,0.31,2.23,2.4,0.47,-0.3
009,282,0.33,2.19,2.41,0.46,-0.31
009,283,0.31,2.13,2.56,0.48,-0.33
009,284,0.31,2.14,2.57,0.49,-0.32
009,285,0.3,2.07,2.6,0.48,-0.31
009,286,0.3,2.04,2.56,0.48,-0.31
009,287,0.3,2.07,2.6,0.49,-0.32
009,288,0.26,2.07,2.56,0.5,-0.32
009,289,0.24,2.09,2.6,0.5,-0.33
009,290,0.27,2.12,2.57,0.48,-0.33
009,291,0.26,2.1,2.57,0.44,-0.3
009,292,0.22,2.19,2.63,0.41,-0.27
009,293,0.24,2.01,2.54,0.4,-0.24
009,294,0.21,1.14,1.97,0.36,-0.21
009,295,0.22,0.56,1.72,0.26,-0.17
009,296,0.26,0.48,1.75,0.2,-0.16
009,297,0.3,0.37,1.68,0.17,-0.14
009,298,0.21,0.33,0.84,0.19,-0.13
009,299,0.17,0.28,0.55,0.22,-0.14
009,300,0.19,0.25,0.57,0.19,-0.14
009,301,0.22,0.21,0.6,0.14,-0.12
009,302,0.2,0.19,0.6,0.15,-0.11
009,303,0.21,0.23,0.72,0.12,-0.11
009,304,0.2,0.26,0.83,0.12,-0.11
009,305,0.24,0.35,1.16,0.16,-0.12
009,306,0.28,0.52,1.99,0.2,-0.14
009,307,0.27,0.69,2.14,0.23,-0.18
009,308,0.33,0.8,2.19,0.3,-0.22
009,309,0.3,1.12,2.3,0.39,-0.27
009,310,0.28,1.85,2.53,0.45,-0.27
009,311,0.27,1.86,2.7,0.47,-0.31
009,312,0.28,1.99,2.66,0.51,-0.32
009,313,0.27,2.04,2.65,0.51,-0.32
009,314,0.29,1.98,2.67,0.51,-0.33
009,315,0.28,1.97,2.68,0.52,-0.33
009,316,0.27,2.03,2.68,0.55,-0.32
009,317,0.25,2.22,2.56,0.49,-0.3
009,318,0.25,2.45,2.48,0.44,-0.28
009,319,0.25,2.51,2.78,0.43,-0.29
009,320,0.23,2.55,2.72,0.44,-0.29
009,321,0.25,2.44,2.7,0.42,-0.26
009,322,0.3,2.33,2.7,0.39,-0.26
009,323,0.31,2.31,2.79,0.4,-0.3
009,324,0.3,1.79,2.43,0.37,-0.26
009,325,0.28,1.89,2.57,0.33,-0.22
009,326,0.27,1.88,2.49,0.31,-0.21
009,327,0.2,1.73,2.28,0.25,-0.15
009,328,0.26,1.91,2.52,0.22,-0.16
009,329,0.29,1.62,2.33,0.25,-0.16
009,330,0.29,1.54,2.35,0.26,-0.19
009,331,0.48,1.63,2.57,0.38,-0.27
009,332,0.43,1.63,2.69,0.4,-0.28
009,333,0.42,1.32,2.7,0.32,-0.22
009,334,0.36,0.92,2.54,0.27,-0.2
009,335,0,0,0,0,0
009,336,0,0,0,0,0
009,337,1.28,2.7,1.98,0.32,-0.35
009,338,0.63,1.69,1.35,0.15,-0.35
009,339,0.85,1.17,1.45,0.26,-0.37
009,340,0.42,2.4,2.4,0.11,-0.09
009,341,0.67,2.64,2.36,0.04,-0.2
009,342,0,0,0,0,0
009,343,0,0,0,0,0
009,344,0,0,0,0,0
009,345,0,0,0,0,0
009,346,0,0,0,0,0
009,347,0.66,1.52,0.69,0.21,-0.1
009,348,0.33,2.08,1.67,0.05,-0.28
009,349,0,0,0,0,0
010,1,0,0,0,0,0
010,2,0,0,0,0,0
010,3,2.72,2.28,2.17,0.2,-0.35
010,4,2.76,2.6,2.81,0.15,-0.27
010,5,2.95,3.0,2.8,0.15,-0.37
010,6,2.86,2.86,2.74,0.17,-0.35
010,7,0.4,2.19,2.42,0.27,-0.25
010,8,0.31,2.17,2.61,0.24,-0.19
010,9,0.32,2.18,2.72,0.26,-0.18
010,10,0.28,2.54,2.76,0.26,-0.19
010,11,0.24,2.43,2.74,0.39,-0.23
010,12,0.22,2.41,2.73,0.42,-0.26
010,13,0.34,2.57,2.77,0.38,-0.27
010,14,0.29,2.57,2.78,0.45,-0.3
010,15,0.27,2.39,2.86,0.49,-0.32
010,16,0.29,2.36,2.9,0.37,-0.28
010,17,0.3,2.54,2.84,0.41,-0.32
010,18,0.29,2.51,3.02,0.34,-0.3
010,19,0.28,2.56,2.96,0.38,-0.31
010,20,0.29,2.32,2.57,0.43,-0.32
010,21,0.32,2.44,2.87,0.43,-0.33
010,22,0.32,2.42,2.88,0.49,-0.35
010,23,0.26,2.27,2.67,0.46,-0.32
010,24,0.28,2.42,2.73,0.41,-0.31
010,25,0.28,2.51,2.65,0.39,-0.3
010,26,0.28,2.58,2.65,0.38,-0.29
010,27,0.33,2.57,2.64,0.39,-0.29
010,28,0.33,2.52,2.65,0.42,-0.29
010,29,0.31,2.48,2.6,0.41,-0.29
010,30,0.3,2.53,2.58,0.42,-0.31
010,31,0.32,2.6,2.61,0.41,-0.33
010,32,0.32,2.52,2.71,0.47,-0.36
010,33,0.3,2.56,2.67,0.5,-0.36
010,34,0.3,2.56,2.48,0.5,-0.37
010,35,0.3,2.48,2.31,0.46,-0.36
010,36,0.32,2.44,2.23,0.46,-0.36
010,37,0.3,2.43,2.24,0.45,-0.35
010,38,0.27,2.46,2.33,0.43,-0.34
010,39,0.26,2.45,2.37,0.43,-0.34
010,40,0.25,2.38,2.28,0.42,-0.34
010,41,0.26,2.41,2.27,0.42,-0.34
010,42,0.26,2.48,2.26,0.42,-0.35
010,43,0.27,2.52,2.3,0.42,-0.35
010,44,0.33,2.54,2.28,0.42,-0.35
010,45,0.31,2.6,2.28,0.42,-0.35
010,46,0.26,2.62,2.31,0.41,-0.35
010,47,0.29,2.57,2.1,0.42,-0.35
010,48,0.29,2.52,2.09,0.45,-0.34
010,49,0.45,2.56,2.08,0.42,-0.34
010,50,0.63,2.58,2.08,0.4,-0.35
010,51,0.7,2.57,2.15,0.4,-0.35
010,52,0.85,2.6,2.14,0.4,-0.36
010,53,0.88,2.56,2.09,0.41,-0.36
010,54,0.92,2.58,1.94,0.39,-0.35
010,55,0.82,2.57,1.85,0.39,-0.34
010,56,0.78,2.56,1.96,0.39,-0.33
010,57,0.79,2.63,2.02,0.39,-0.34
010,58,0.53,2.67,2.05,0.4,-0.33
010,59,0.34,2.62,2.2,0.4,-0.31
010,60,0.27,2.6,2.35,0.4,-0.3
010,61,0.26,2.6,2.41,0.38,-0.29
010,62,0.22,2.55,2.47,0.41,-0.29
010,63,0.23,2.48,2.44,0.42,-0.3
010,64,0.22,2.53,2.51,0.4,-0.3
010,65,0.24,2.45,2.52,0.43,-0.31
010,66,0.24,2.38,2.52,0.43,-0.31
010,67,0.24,2.38,2.53,0.43,-0.3
010,68,0.23,2.39,2.54,0.43,-0.3
010,69,0.25,2.36,2.53,0.45,-0.31
010,70,0.25,2.35,2.56,0.45,-0.3
010,71,0.25,2.4,2.55,0.43,-0.3
010,72,0.24,2.38,2.53,0.44,-0.29
010,73,0.23,2.39,2.46,0.43,-0.28
010,74,0.22,2.38,2.31,0.43,-0.3
010,75,0.22,2.4,2.2,0.42,-0.3
010,76,0.26,2.34,2.16,0.45,-0.29
010,77,0.27,2.28,2.11,0.47,-0.29
010,78,0.33,2.31,2.04,0.47,-0.3
010,79,0.35,2.42,2.0,0.45,-0.32
010,80,0.28,2.33,2.15,0.5,-0.32
010,81,0.28,2.32,2.16,0.49,-0.32
010,82,0.26,2.33,2.24,0.5,-0.33
010,83,0.25,2.37,2.26,0.52,-0.34
010,84,0.25,2.32,2.14,0.5,-0.32
010,85,0.27,2.3,2.16,0.5,-0.32
010,86,0.3,2.2,2.06,0.44,-0.29
010,87,0.35,2.12,2.04,0.45,-0.29
010,88,0.38,1.81,2.04,0.44,-0.3
010,89,0.36,1.26,1.72,0.46,-0.31
010,90,0.39,1.16,1.51,0.51,-0.33
010,91,0.39,1.32,1.44,0.52,-0.35
010,92,0.39,1.19,1.42,0.5,-0.34
010,93,0.39,1.01,1.38,0.48,-0.32
010,94,0.46,0.99,1.44,0.51,-0.33
010,95,0.45,0.94,1.38,0.53,-0.33
010,96,0.47,1.17,1.38,0.53,-0.36
010,97,0.47,1.02,0.98,0.54,-0.37
010,98,0.45,1.29,1.35,0.51,-0.39
010,99,0.33,0.97,0.91,0.49,-0.37
010,100,0.35,0.81,0.81,0.47,-0.35
010,101,0.39,1.19,1.54,0.55,-0.38
010,102,0.34,0.96,1.37,0.51,-0.36
010,103,0.38,1.01,1.36,0.54,-0.36
010,104,0.43,0.78,1.14,0.44,-0.31
010,105,0.43,0.91,1.29,0.44,-0.32
010,106,0.43,1.22,1.5,0.44,-0.34
010,107,0.42,1.44,1.83,0.48,-0.34
010,108,0.51,1.73,2.12,0.45,-0.35
010,109,0.55,2.38,2.02,0.42,-0.33
010,110,0.48,2.62,2.15,0.42,-0.34
010,111,0.4,2.7,2.31,0.44,-0.35
010,112,0.39,2.71,2.43,0.41,-0.35
010,113,0.41,2.61,2.39,0.4,-0.34
010,114,0.44,2.62,2.3,0.42,-0.35
010,115,0.47,2.62,2.36,0.42,-0.35
010,116,0.45,2.6,2.34,0.41,-0.34
010,117,0.44,2.59,2.34,0.42,-0.34
010,118,0.43,2.53,2.31,0.42,-0.34
010,119,0.44,2.53,2.34,0.41,-0.34
010,120,0.46,2.53,2.31,0.4,-0.34
010,121,0.44,2.52,2.34,0.39,-0.33
010,122,0.37,2.51,2.31,0.38,-0.32
010,123,0.36,2.5,2.33,0.37,-0.3
010,124,0.34,1.48,1.65,0.41,-0.31
010,125,0.39,1.26,1.34,0.4,-0.32
010,126,0.44,1.18,0.98,0.41,-0.35
010,127,0.46,0.96,0.81,0.4,-0.33
010,128,0.46,0.85,0.71,0.4,-0.31
010,129,0.4,0.76,0.64,0.39,-0.3
010,130,0.37,0.63,0.78,0.39,-0.3
010,131,0.39,0.7,1.01,0.41,-0.32
010,132,0.48,0.81,1.2,0.43,-0.35
010,133,0.43,0.75,1.0,0.41,-0.34
010,134,0.58,1.02,1.75,0.49,-0.38
010,135,0.49,0.73,1.27,0.43,-0.33
010,136,0.54,0.85,1.59,0.48,-0.34
010,137,0.53,0.88,1.53,0.48,-0.33
010,138,0.49,0.76,1.53,0.43,-0.31
010,139,0.48,0.97,1.65,0.46,-0.33
010,140,0.41,1.12,1.34,0.42,-0.31
010,141,0.42,1.6,1.63,0.41,-0.33
010,142,0.49,2.06,2.09,0.41,-0.33
010,143,0.47,2.46,2.26,0.41,-0.33
010,144,0.42,2.62,2.03,0.4,-0.32
010,145,0.41,2.63,2.31,0.41,-0.33
010,146,0.4,2.66,2.37,0.4,-0.33
010,147,0.36,2.54,2.23,0.39,-0.31
010,148,0.39,2.52,2.16,0.4,-0.32
010,149,0.38,2.5,2.2,0.39,-0.31
010,150,0.38,2.5,2.24,0.4,-0.32
010,151,0.4,2.51,2.22,0.39,-0.31
010,152,0.41,2.47,2.22,0.39,-0.3
010,153,0.41,2.47,2.23,0.4,-0.3
010,154,0.4,2.46,2.25,0.4,-0.3
010,155,0.39,2.48,2.28,0.4,-0.3
010,156,0.36,2.54,2.31,0.4,-0.29
010,157,0.34,2.5,2.32,0.39,-0.28
010,158,0.37,2.34,2.24,0.33,-0.28
010,159,0.41,1.78,1.63,0.42,-0.35
010,160,0.46,1.51,1.16,0.49,-0.37
010,161,0.48,1.28,0.96,0.49,-0.36
010,162,0.44,1.17,0.89,0.46,-0.35
010,163,0.42,0.89,0.87,0.48,-0.33
010,164,0.4,0.86,0.88,0.44,-0.32
010,165,0.36,0.84,0.92,0.51,-0.34
010,166,0.35,0.75,0.9,0.42,-0.33
010,167,0.37,0.71,0.94,0.41,-0.33
010,168,0.42,0.84,0.98,0.44,-0.36
010,169,0.45,0.89,1.03,0.45,-0.37
010,170,0.44,1.17,1.41,0.49,-0.38
010,171,0.42,1.32,1.58,0.55,-0.39
010,172,0.38,1.06,0.8,0.6,-0.37
010,173,0.38,1.14,0.97,0.56,-0.38
010,174,0.46,1.08,1.54,0.42,-0.36
010,175,0.5,1.23,1.67,0.47,-0.37
010,176,0.48,1.38,1.69,0.53,-0.38
010,177,0.47,1.48,1.76,0.49,-0.37
010,178,0.45,1.95,2.06,0.43,-0.34
010,179,0.42,2.52,2.23,0.42,-0.33
010,180,0.42,2.61,2.28,0.43,-0.32
010,181,0.4,2.66,2.29,0.43,-0.33
010,182,0.37,2.64,2.5,0.43,-0.34
010,183,0.36,2.61,2.45,0.42,-0.34
010,184,0.36,2.5,2.29,0.42,-0.33
010,185,0.37,2.48,2.2,0.43,-0.33
010,186,0.38,2.4,2.19,0.43,-0.32
010,187,0.37,2.43,2.19,0.43,-0.32
010,188,0.36,2.4,2.17,0.44,-0.32
010,189,0.37,2.39,2.23,0.43,-0.32
010,190,0.36,2.39,2.26,0.44,-0.32
010,191,0.36,2.4,2.26,0.44,-0.33
010,192,0.38,2.41,2.25,0.43,-0.33
010,193,0.41,2.42,2.15,0.42,-0.31
010,194,0.43,2.42,2.06,0.4,-0.29
010,195,0.45,2.37,2.04,0.41,-0.3
010,196,0.5,1.55,1.45,0.48,-0.38
010,197,0.48,1.44,1.16,0.53,-0.38
010,198,0.45,1.28,0.94,0.5,-0.36
010,199,0.38,1.1,0.86,0.49,-0.34
010,200,0.38,0.8,0.86,0.44,-0.31
010,201,0.38,0.77,0.87,0.47,-0.32
010,202,0.37,0.79,0.82,0.49,-0.33
010,203,0.38,0.71,1.06,0.42,-0.32
010,204,0.4,0.68,1.26,0.42,-0.32
010,205,0.45,0.66,1.25,0.41,-0.32
010,206,0.53,1.03,1.7,0.5,-0.37
010,207,0.54,1.3,1.88,0.53,-0.38
010,208,0.46,0.98,1.61,0.56,-0.36
010,209,0.42,0.89,1.27,0.55,-0.34
010,210,0.48,0.93,1.37,0.52,-0.34
010,211,0.51,1.02,1.46,0.5,-0.35
010,212,0.53,1.23,1.64,0.5,-0.37
010,213,0.52,1.48,1.91,0.47,-0.37
010,214,0.49,1.65,2.03,0.45,-0.35
010,215,0.46,2.07,2.14,0.45,-0.34
010,216,0.44,2.61,2.34,0.45,-0.34
010,217,0.41,2.66,2.31,0.43,-0.33
010,218,0.39,2.58,2.5,0.45,-0.34
010,219,0.35,2.62,2.49,0.43,-0.34
010,220,0.33,2.47,2.35,0.45,-0.34
010,221,0.33,2.4,2.18,0.43,-0.33
010,222,0.34,2.38,2.23,0.45,-0.32
010,223,0.34,2.37,2.23,0.44,-0.32
010,224,0.33,2.33,2.19,0.44,-0.31
010,225,0.34,2.35,2.22,0.45,-0.32
010,226,0.34,2.38,2.18,0.45,-0.32
