000,1,0,0,1,0
000,2,0,0,1,0
000,3,0,0,1,0
000,4,0,0,1,0
000,5,0,0,1,0
000,6,0,0,1,0
000,7,0,0,1,0
000,8,0,0,1,0
000,9,0,0,1,0
000,10,0,0,1,0
000,11,0,0,1,0
000,12,0,0,1,0
000,13,0,0,1,0
000,14,0,0,1,0
000,15,0,0,1,0
000,16,0,0,1,0
000,17,0,0,1,0
000,18,0,0,1,0
000,19,0,0,1,0
000,20,0,0,1,0
000,21,0,0,1,0
000,22,0,0,1,0
000,23,0,0,1,0
000,24,0,0,1,0
000,25,0,0,1,0
000,26,0,0,1,0
000,27,0,0,1,0
000,28,0,0,1,0
000,29,0,0,1,0
000,30,0,0,1,0
000,31,0,0,1,0
000,32,0,0,1,0
000,33,0,0,1,0
000,34,0,0,1,0
000,35,0,0,1,0
000,36,0,0,1,0
000,37,0,0,1,0
000,38,0,0,1,0
000,39,0,0,1,0
000,40,0,0,1,0
000,41,0,0,1,0
000,42,0,0,1,0
000,43,0,0,1,0
000,44,0,0,1,0
000,45,0,0,1,0
000,46,0,0,1,0
000,47,0,0,1,0
000,48,0,0,1,0
000,49,0,0,1,0
000,50,0,0,1,0
000,51,0,0,1,0
000,52,0,0,1,0
000,53,0,0,1,0
000,54,0,0,1,0
000,55,0,0,1,0
000,56,0,0,1,0
000,57,0,0,1,0
000,58,0,0,1,0
000,59,0,0,1,0
000,60,0,0,1,0
000,61,0,0,1,0
000,62,0,0,1,0
000,63,0,0,1,0
000,64,0,0,1,0
000,65,0,0,1,0
000,66,0,0,1,0
000,67,0,0,1,0
000,68,0,0,1,0
000,69,0,0,1,0
000,70,0,0,1,0
000,71,0,0,1,0
000,72,0,0,1,0
000,73,0,0,1,0
000,74,0,0,1,0
000,75,0,0,1,0
000,76,0,0,1,0
000,77,0,0,1,0
000,78,0,0,1,0
000,79,0,0,1,0
000,80,0,0,1,0
000,81,0,0,1,0
000,82,0,0,1,0
000,83,0,0,1,0
000,84,0,0,1,0
000,85,0,0,1,0
000,86,0,0,1,0
000,87,0,0,1,0
000,88,0,0,1,0
000,89,0,0,1,0
000,90,0,0,1,0
000,91,0,0,1,0
000,92,0,0,1,0
000,93,0,0,1,0
000,94,0,0,1,0
000,95,0,0,1,0
000,96,0,0,1,0
000,97,0,0,1,0
000,98,0,0,1,0
000,99,0,0,1,0
000,100,0,0,1,0
000,101,0,0,1,0
000,102,0,0,1,0
000,103,0,0,1,0
000,104,0,0,1,0
000,105,0,0,1,0
000,106,0,0,1,0
000,107,0,0,1,0
000,108,0,0,1,0
000,109,0,0,1,0
000,110,0,0,1,0
000,111,0,0,1,0
000,112,0,0,1,0
000,113,0,0,1,0
000,114,0,0,1,0
000,115,0,0,1,0
000,116,0,0,1,0
000,117,0,0,1,0
000,118,0,0,1,0
000,119,0,0,1,0
000,120,0,0,1,0
000,121,0,0,1,0
000,122,0,0,1,0
000,123,0,0,1,0
000,124,0,0,1,0
000,125,0,0,1,0
000,126,0,0,1,0
000,127,0,0,1,0
000,128,0,0,1,0
000,129,0,0,1,0
000,130,0,0,1,0
000,131,0,0,1,0
000,132,0,0,1,0
000,133,0,0,1,0
000,134,0,0,1,0
000,135,0,0,1,0
000,136,0,0,1,0
000,137,0,0,1,0
000,138,0,0,1,0
000,139,0,0,1,0
000,140,0,0,1,0
000,141,0,0,1,0
000,142,0,0,1,0
000,143,0,0,1,0
000,144,0,0,1,0
000,145,0,0,1,0
000,146,0,0,1,0
000,147,0,0,1,0
000,148,0,0,1,0
000,149,0,0,1,0
000,150,0,0,1,0
000,151,0,0,1,0
000,152,0,0,1,0
000,153,0,0,1,0
000,154,0,0,1,0
000,155,0,0,1,0
000,156,0,0,1,0
000,157,0,0,1,0
000,158,0,0,1,0
000,159,0,0,1,0
000,160,0,0,1,0
000,161,0,0,1,0
000,162,0,0,1,0
000,163,0,0,1,0
000,164,0,0,1,0
000,165,0,0,1,0
000,166,0,0,1,0
000,167,0,0,1,0
000,168,0,0,1,0
000,169,0,0,1,0
000,170,0,0,1,0
000,171,0,0,1,0
000,172,0,0,1,0
000,173,0,0,1,0
000,174,0,0,1,0
000,175,0,0,1,0
000,176,0,0,1,0
000,177,0,0,1,0
000,178,0,0,1,0
000,179,0,0,1,0
000,180,0,0,1,0
000,181,0,0,1,0
000,182,0,0,1,0
000,183,0,0,1,0
000,184,0,0,1,0
000,185,0,0,1,0
000,186,0,0,1,0
000,187,0,0,1,0
000,188,0,0,1,0
000,189,0,0,1,0
000,190,0,0,1,0
000,191,0,0,1,0
000,192,0,0,1,0
000,193,0,0,1,0
000,194,0,0,1,0
000,195,0,0,1,0
000,196,0,0,1,0
000,197,0,0,1,0
000,198,0,0,1,0
000,199,0,0,1,0
000,200,0,0,1,0
000,201,0,0,1,0
000,202,0,0,1,0
000,203,0,0,1,0
000,204,0,0,1,0
000,205,0,0,1,0
000,206,0,0,1,0
000,207,0,0,1,0
000,208,0,0,1,0
000,209,0,0,1,0
000,210,0,0,1,0
000,211,0,0,1,0
000,212,0,0,1,0
000,213,0,0,1,0
000,214,0,0,1,0
000,215,0,0,1,0
000,216,0,0,1,0
000,217,0,0,1,0
000,218,0,0,1,0
000,219,0,0,1,0
000,220,0,0,1,0
000,221,0,0,1,0
000,222,0,0,1,0
000,223,0,0,1,0
000,224,0,0,1,0
000,225,0,0,1,0
000,226,0,0,1,0
000,227,0,0,1,0
000,228,0,0,1,0
000,229,0,0,1,0
000,230,0,0,1,0
000,231,0,0,1,0
000,232,0,0,1,0
000,233,0,0,1,0
000,234,0,0,1,0
000,235,0,0,1,0
000,236,0,0,1,0
000,237,0,0,1,0
000,238,0,0,1,0
000,239,0,0,1,0
000,240,0,0,1,0
000,241,0,0,1,0
000,242,0,0,1,0
000,243,0,0,1,0
000,244,0,0,1,0
000,245,0,0,1,0
000,246,0,0,1,0
000,247,0,0,1,0
000,248,0,0,1,0
000,249,0,0,1,0
000,250,0,0,1,0
000,251,0,0,1,0
000,252,0,0,1,0
000,253,0,0,1,0
000,254,0,0,1,0
000,255,0,0,1,0
000,256,0,0,1,0
000,257,0,0,1,0
000,258,0,0,1,0
000,259,0,0,1,0
000,260,0,0,1,0
000,261,0,0,1,0
000,262,0,0,1,0
000,263,0,0,1,0
000,264,0,0,1,0
000,265,0,0,1,0
000,266,0,0,1,0
000,267,0,0,1,0
000,268,0,0,1,0
000,269,0,0,1,0
000,270,0,0,1,0
000,271,0,0,1,0
000,272,0,0,1,0
000,273,0,0,1,0
000,274,0,0,1,0
000,275,0,0,1,0
000,276,0,0,1,0
000,277,0,0,1,0
000,278,0,0,1,0
000,279,0,0,1,0
000,280,0,0,1,0
000,281,0,0,1,0
000,282,0,0,1,0
000,283,0,0,1,0
000,284,0,0,1,0
000,285,0,0,1,0
000,286,0,0,1,0
000,287,0,0,1,0
000,288,0,0,1,0
000,289,0,0,1,0
000,290,0,0,1,0
000,291,0,0,1,0
000,292,0,0,1,0
000,293,0,0,1,0
000,294,0,0,1,0
000,295,0,0,1,0
000,296,0,0,1,0
000,297,0,0,1,0
000,298,0,0,1,0
000,299,0,0,1,0
000,300,0,0,1,0
000,301,0,0,1,0
000,302,0,0,1,0
000,303,0,0,1,0
000,304,0,0,1,0
000,305,0,0,1,0
000,306,0,0,1,0
000,307,0,0,1,0
000,308,0,0,1,0
000,309,0,0,1,0
000,310,0,0,1,0
000,311,0,0,1,0
000,312,0,0,1,0
000,313,0,0,1,0
000,314,0,0,1,0
000,315,0,0,1,0
000,316,0,0,1,0
000,317,0,0,1,0
000,318,0,0,1,0
000,319,0,0,1,0
000,320,0,0,1,0
000,321,0,0,1,0
000,322,0,0,1,0
000,323,0,0,1,0
000,324,0,0,1,0
000,325,0,0,1,0
000,326,0,0,1,0
000,327,0,0,1,0
000,328,0,0,1,0
000,329,0,0,1,0
000,330,0,0,1,0
000,331,0,0,1,0
000,332,0,0,1,0
000,333,0,0,1,0
000,334,0,0,1,0
000,335,0,0,1,0
000,336,0,0,1,0
000,337,0,0,1,0
000,338,0,0,1,0
000,339,0,0,1,0
000,340,0,0,1,0
000,341,0,0,1,0
000,342,0,0,1,0
000,343,0,0,1,0
000,344,0,0,1,0
000,345,0,0,1,0
000,346,0,0,1,0
000,347,0,0,1,0
000,348,0,0,1,0
000,349,0,0,1,0
000,350,0,0,1,0
000,351,0,0,1,0
000,352,0,0,1,0
000,353,0,0,1,0
000,354,0,0,1,0
000,355,0,0,1,0
000,356,0,0,1,0
000,357,0,0,1,0
000,358,0,0,1,0
000,359,0,0,1,0
000,360,0,0,1,0
000,361,0,0,1,0
000,362,0,0,1,0
000,363,0,0,1,0
000,364,0,0,1,0
000,365,0,0,1,0
000,366,0,0,1,0
000,367,0,0,1,0
000,368,0,0,1,0
000,369,0,0,1,0
000,370,0,0,1,0
000,371,0,0,1,0
000,372,0,0,1,0
000,373,0,0,1,0
000,374,0,0,1,0
000,375,0,0,1,0
000,376,0,0,1,0
000,377,0,0,1,0
000,378,0,0,1,0
001,1,0,1,0,0
001,2,0,1,0,0
001,3,0,1,0,0
001,4,0,1,0,0
001,5,0,1,0,0
001,6,0,1,0,0
001,7,0,1,0,0
001,8,0,1,0,0
001,9,0,1,0,0
001,10,0,1,0,0
001,11,0,1,0,0
001,12,0,1,0,0
001,13,0,1,0,0
001,14,0,1,0,0
001,15,0,1,0,0
001,16,0,1,0,0
001,17,0,1,0,0
001,18,0,1,0,0
001,19,0,1,0,0
001,20,0,1,0,0
001,21,0,1,0,0
001,22,0,1,0,0
001,23,0,1,0,0
001,24,0,1,0,0
001,25,0,1,0,0
001,26,0,1,0,0
001,27,0,1,0,0
001,28,0,1,0,0
001,29,0,1,0,0
001,30,0,1,0,0
001,31,0,1,0,0
001,32,0,1,0,0
001,33,0,1,0,0
001,34,0,1,0,0
001,35,0,1,0,0
001,36,0,1,0,0
001,37,0,1,0,0
001,38,0,1,0,0
001,39,0,1,0,0
001,40,0,1,0,0
001,41,0,1,0,0
001,42,0,1,0,0
001,43,0,1,0,0
001,44,0,1,0,0
001,45,0,1,0,0
001,46,0,1,0,0
001,47,0,1,0,0
001,48,0,1,0,0
001,49,0,1,0,0
001,50,0,1,0,0
001,51,0,1,0,0
001,52,0,1,0,0
001,53,0,1,0,0
001,54,0,1,0,0
001,55,0,1,0,0
001,56,0,1,0,0
001,57,0,1,0,0
001,58,0,1,0,0
001,59,0,1,0,0
001,60,0,1,0,0
001,61,0,1,0,0
001,62,0,1,0,0
001,63,0,1,0,0
001,64,0,1,0,0
001,65,0,1,0,0
001,66,0,1,0,0
001,67,0,1,0,0
001,68,0,1,0,0
001,69,0,1,0,0
001,70,0,1,0,0
001,71,0,1,0,0
001,72,0,1,0,0
001,73,0,1,0,0
001,74,0,1,0,0
001,75,0,1,0,0
001,76,0,1,0,0
001,77,0,1,0,0
001,78,0,1,0,0
001,79,0,1,0,0
001,80,0,1,0,0
001,81,0,1,0,0
001,82,0,1,0,0
001,83,0,1,0,0
001,84,0,1,0,0
001,85,0,1,0,0
001,86,0,1,0,0
001,87,0,1,0,0
001,88,0,1,0,0
001,89,0,1,0,0
001,90,0,1,0,0
001,91,0,1,0,0
001,92,0,1,0,0
001,93,0,1,0,0
001,94,0,1,0,0
001,95,0,1,0,0
001,96,0,1,0,0
001,97,0,1,0,0
001,98,0,1,0,0
001,99,0,1,0,0
001,100,0,1,0,0
001,101,0,1,0,0
001,102,0,1,0,0
001,103,0,1,0,0
001,104,0,1,0,0
001,105,0,1,0,0
001,106,0,1,0,0
001,107,0,1,0,0
001,108,0,1,0,0
001,109,0,1,0,0
001,110,0,1,0,0
001,111,0,1,0,0
001,112,0,1,0,0
001,113,0,1,0,0
001,114,0,1,0,0
001,115,0,1,0,0
001,116,0,1,0,0
001,117,0,1,0,0
001,118,0,1,0,0
001,119,0,1,0,0
001,120,0,1,0,0
001,121,0,1,0,0
001,122,0,1,0,0
001,123,0,1,0,0
001,124,0,1,0,0
001,125,0,1,0,0
001,126,0,1,0,0
001,127,0,1,0,0
001,128,0,1,0,0
001,129,0,1,0,0
001,130,0,1,0,0
001,131,0,1,0,0
001,132,0,1,0,0
001,133,0,1,0,0
001,134,0,1,0,0
001,135,0,1,0,0
001,136,0,1,0,0
001,137,0,1,0,0
001,138,0,1,0,0
001,139,0,1,0,0
001,140,0,1,0,0
001,141,0,1,0,0
001,142,0,1,0,0
001,143,0,1,0,0
001,144,0,1,0,0
001,145,0,1,0,0
001,146,0,1,0,0
001,147,0,1,0,0
001,148,0,1,0,0
001,149,0,1,0,0
001,150,0,1,0,0
001,151,0,1,0,0
001,152,0,1,0,0
001,153,0,1,0,0
001,154,0,1,0,0
001,155,0,1,0,0
001,156,0,1,0,0
001,157,0,1,0,0
001,158,0,1,0,0
001,159,0,1,0,0
001,160,0,1,0,0
001,161,0,1,0,0
001,162,0,1,0,0
001,163,0,1,0,0
001,164,0,1,0,0
001,165,0,1,0,0
001,166,0,1,0,0
001,167,0,1,0,0
001,168,0,1,0,0
001,169,0,1,0,0
001,170,0,1,0,0
001,171,0,1,0,0
001,172,0,1,0,0
001,173,0,1,0,0
001,174,0,1,0,0
001,175,0,1,0,0
001,176,0,1,0,0
001,177,0,1,0,0
001,178,0,1,0,0
001,179,0,1,0,0
001,180,0,1,0,0
001,181,0,1,0,0
001,182,0,1,0,0
001,183,0,1,0,0
001,184,0,1,0,0
001,185,0,1,0,0
001,186,0,1,0,0
001,187,0,1,0,0
001,188,0,1,0,0
001,189,0,1,0,0
001,190,0,1,0,0
001,191,0,1,0,0
001,192,0,1,0,0
001,193,0,1,0,0
001,194,0,1,0,0
001,195,0,1,0,0
001,196,0,1,0,0
001,197,0,1,0,0
001,198,0,1,0,0
001,199,0,1,0,0
001,200,0,1,0,0
001,201,0,1,0,0
001,202,0,1,0,0
001,203,0,1,0,0
001,204,0,1,0,0
001,205,0,1,0,0
001,206,0,1,0,0
001,207,0,1,0,0
001,208,0,1,0,0
001,209,0,1,0,0
001,210,0,1,0,0
001,211,0,1,0,0
001,212,0,1,0,0
001,213,0,1,0,0
001,214,0,1,0,0
001,215,0,1,0,0
001,216,0,1,0,0
001,217,0,1,0,0
001,218,0,1,0,0
001,219,0,1,0,0
001,220,0,1,0,0
001,221,0,1,0,0
001,222,0,1,0,0
001,223,0,1,0,0
001,224,0,1,0,0
001,225,0,1,0,0
001,226,0,1,0,0
001,227,0,1,0,0
001,228,0,1,0,0
001,229,0,1,0,0
001,230,0,1,0,0
001,231,0,1,0,0
001,232,0,0,0,1
001,233,0,0,0,1
001,234,0,0,0,1
001,235,0,0,0,1
001,236,0,0,0,1
001,237,0,0,0,1
001,238,0,0,0,1
001,239,0,0,0,1
001,240,0,0,0,1
001,241,0,0,0,1
001,242,0,0,0,1
001,243,0,0,0,1
001,244,0,0,0,1
001,245,0,0,0,1
001,246,0,0,0,1
001,247,0,0,0,1
001,248,0,0,0,1
001,249,0,0,0,1
001,250,0,0,0,1
001,251,0,0,0,1
001,252,0,0,0,1
001,253,0,0,0,1
001,254,0,0,0,1
001,255,0,0,0,1
001,256,0,0,0,1
001,257,0,0,0,1
001,258,0,0,0,1
001,259,0,0,0,1
001,260,0,0,0,1
001,261,0,0,0,1
001,262,0,0,0,1
001,263,0,0,0,1
001,264,0,0,0,1
001,265,0,0,0,1
001,266,0,0,0,1
001,267,0,0,0,1
001,268,0,0,0,1
001,269,0,0,0,1
001,270,0,0,0,1
001,271,0,0,0,1
001,272,0,0,0,1
001,273,0,0,0,1
001,274,0,0,0,1
001,275,0,0,0,1
001,276,0,0,0,1
001,277,0,0,0,1
001,278,0,0,0,1
001,279,0,0,0,1
002,1,0,0,0,1
002,2,0,0,0,1
002,3,0,0,0,1
002,4,0,0,0,1
002,5,0,0,0,1
002,6,0,0,0,1
002,7,0,0,0,1
002,8,0,0,0,1
002,9,0,0,0,1
002,10,0,0,0,1
002,11,0,0,0,1
002,12,0,0,0,1
002,13,0,0,0,1
002,14,0,0,0,1
002,15,0,0,0,1
002,16,0,0,0,1
002,17,0,0,0,1
002,18,1,0,0,0
002,19,1,0,0,0
002,20,1,0,0,0
002,21,1,0,0,0
002,22,1,0,0,0
002,23,1,0,0,0
002,24,1,0,0,0
002,25,1,0,0,0
002,26,1,0,0,0
002,27,1,0,0,0
002,28,1,0,0,0
002,29,1,0,0,0
002,30,1,0,0,0
002,31,1,0,0,0
002,32,1,0,0,0
002,33,1,0,0,0
002,34,1,0,0,0
002,35,1,0,0,0
002,36,1,0,0,0
002,37,1,0,0,0
002,38,1,0,0,0
002,39,1,0,0,0
002,40,1,0,0,0
002,41,1,0,0,0
002,42,1,0,0,0
002,43,1,0,0,0
002,44,1,0,0,0
002,45,1,0,0,0
002,46,1,0,0,0
002,47,1,0,0,0
002,48,1,0,0,0
002,49,1,0,0,0
002,50,1,0,0,0
002,51,1,0,0,0
002,52,1,0,0,0
002,53,1,0,0,0
002,54,1,0,0,0
002,55,1,0,0,0
002,56,1,0,0,0
002,57,1,0,0,0
002,58,1,0,0,0
002,59,1,0,0,0
002,60,1,0,0,0
002,61,1,0,0,0
002,62,1,0,0,0
002,63,1,0,0,0
002,64,1,0,0,0
002,65,1,0,0,0
002,66,1,0,0,0
002,67,1,0,0,0
002,68,1,0,0,0
002,69,1,0,0,0
002,70,1,0,0,0
002,71,1,0,0,0
002,72,1,0,0,0
002,73,1,0,0,0
002,74,1,0,0,0
002,75,1,0,0,0
002,76,1,0,0,0
002,77,1,0,0,0
002,78,1,0,0,0
002,79,1,0,0,0
002,80,1,0,0,0
002,81,1,0,0,0
002,82,1,0,0,0
002,83,1,0,0,0
002,84,1,0,0,0
002,85,1,0,0,0
002,86,1,0,0,0
002,87,1,0,0,0
002,88,1,0,0,0
002,89,1,0,0,0
002,90,1,0,0,0
002,91,1,0,0,0
002,92,1,0,0,0
002,93,1,0,0,0
002,94,1,0,0,0
002,95,1,0,0,0
002,96,1,0,0,0
002,97,1,0,0,0
002,98,1,0,0,0
002,99,1,0,0,0
002,100,1,0,0,0
002,101,1,0,0,0
002,102,1,0,0,0
002,103,1,0,0,0
002,104,1,0,0,0
002,105,1,0,0,0
002,106,1,0,0,0
002,107,1,0,0,0
002,108,1,0,0,0
002,109,1,0,0,0
002,110,1,0,0,0
002,111,1,0,0,0
002,112,1,0,0,0
002,113,1,0,0,0
002,114,1,0,0,0
002,115,1,0,0,0
002,116,1,0,0,0
002,117,1,0,0,0
002,118,1,0,0,0
002,119,1,0,0,0
002,120,0,0,1,0
002,121,0,0,1,0
002,122,0,0,1,0
002,123,0,0,1,0
002,124,0,0,1,0
002,125,0,0,1,0
002,126,0,0,1,0
002,127,0,0,1,0
002,128,0,0,1,0
002,129,0,0,1,0
002,130,0,0,1,0
002,131,0,0,1,0
002,132,0,0,1,0
002,133,0,0,1,0
002,134,0,0,1,0
002,135,0,0,1,0
002,136,0,0,1,0
002,137,0,0,1,0
002,138,0,0,1,0
002,139,1,0,0,0
002,140,1,0,0,0
002,141,1,0,0,0
002,142,1,0,0,0
002,143,1,0,0,0
002,144,1,0,0,0
002,145,1,0,0,0
002,146,1,0,0,0
002,147,1,0,0,0
002,148,1,0,0,0
002,149,1,0,0,0
002,150,1,0,0,0
002,151,1,0,0,0
002,152,1,0,0,0
002,153,1,0,0,0
002,154,1,0,0,0
002,155,1,0,0,0
002,156,1,0,0,0
002,157,1,0,0,0
002,158,1,0,0,0
002,159,1,0,0,0
002,160,1,0,0,0
002,161,1,0,0,0
002,162,1,0,0,0
002,163,1,0,0,0
002,164,1,0,0,0
002,165,1,0,0,0
002,166,1,0,0,0
002,167,1,0,0,0
002,168,1,0,0,0
002,169,1,0,0,0
002,170,1,0,0,0
002,171,1,0,0,0
002,172,1,0,0,0
002,173,1,0,0,0
002,174,1,0,0,0
002,175,1,0,0,0
002,176,1,0,0,0
002,177,1,0,0,0
002,178,1,0,0,0
002,179,1,0,0,0
002,180,1,0,0,0
002,181,1,0,0,0
002,182,1,0,0,0
002,183,1,0,0,0
002,184,1,0,0,0
002,185,1,0,0,0
002,186,1,0,0,0
002,187,1,0,0,0
002,188,1,0,0,0
002,189,1,0,0,0
002,190,1,0,0,0
002,191,1,0,0,0
002,192,1,0,0,0
002,193,1,0,0,0
002,194,1,0,0,0
002,195,1,0,0,0
002,196,1,0,0,0
002,197,1,0,0,0
002,198,1,0,0,0
002,199,1,0,0,0
002,200,1,0,0,0
002,201,1,0,0,0
002,202,1,0,0,0
002,203,1,0,0,0
002,204,1,0,0,0
002,205,1,0,0,0
002,206,1,0,0,0
002,207,1,0,0,0
002,208,1,0,0,0
002,209,1,0,0,0
002,210,1,0,0,0
002,211,1,0,0,0
002,212,1,0,0,0
002,213,1,0,0,0
002,214,1,0,0,0
002,215,1,0,0,0
002,216,1,0,0,0
002,217,1,0,0,0
002,218,1,0,0,0
002,219,1,0,0,0
002,220,1,0,0,0
002,221,1,0,0,0
002,222,1,0,0,0
002,223,1,0,0,0
002,224,1,0,0,0
002,225,1,0,0,0
002,226,1,0,0,0
002,227,1,0,0,0
002,228,1,0,0,0
002,229,1,0,0,0
002,230,1,0,0,0
002,231,1,0,0,0
002,232,1,0,0,0
002,233,1,0,0,0
002,234,1,0,0,0
002,235,1,0,0,0
002,236,1,0,0,0
002,237,1,0,0,0
002,238,1,0,0,0
002,239,1,0,0,0
002,240,1,0,0,0
002,241,1,0,0,0
002,242,1,0,0,0
002,243,1,0,0,0
002,244,1,0,0,0
002,245,1,0,0,0
002,246,1,0,0,0
002,247,1,0,0,0
002,248,1,0,0,0
002,249,1,0,0,0
002,250,1,0,0,0
002,251,1,0,0,0
002,252,1,0,0,0
002,253,1,0,0,0
002,254,1,0,0,0
002,255,1,0,0,0
002,256,1,0,0,0
002,257,1,0,0,0
002,258,1,0,0,0
002,259,1,0,0,0
002,260,1,0,0,0
002,261,1,0,0,0
002,262,1,0,0,0
002,263,1,0,0,0
002,264,1,0,0,0
002,265,1,0,0,0
002,266,1,0,0,0
002,267,1,0,0,0
002,268,1,0,0,0
002,269,1,0,0,0
002,270,1,0,0,0
002,271,1,0,0,0
002,272,1,0,0,0
002,273,1,0,0,0
002,274,1,0,0,0
002,275,1,0,0,0
002,276,1,0,0,0
002,277,1,0,0,0
002,278,1,0,0,0
002,279,1,0,0,0
002,280,1,0,0,0
002,281,1,0,0,0
002,282,1,0,0,0
002,283,1,0,0,0
002,284,1,0,0,0
002,285,1,0,0,0
002,286,1,0,0,0
002,287,1,0,0,0
002,288,0,0,0,1
002,289,0,0,0,1
002,290,0,0,0,1
002,291,0,0,0,1
002,292,0,0,0,1
002,293,0,0,0,1
002,294,0,0,0,1
002,295,0,0,0,1
002,296,0,0,0,1
002,297,0,0,0,1
002,298,0,0,0,1
002,299,0,0,0,1
002,300,0,0,0,1
002,301,0,0,0,1
002,302,0,0,0,1
002,303,0,0,0,1
002,304,0,0,0,1
002,305,0,0,0,1
002,306,0,0,0,1
002,307,0,0,0,1
002,308,0,0,0,1
002,309,0,0,0,1
002,310,0,0,0,1
002,311,0,0,0,1
002,312,0,0,0,1
002,313,0,0,0,1
002,314,0,0,0,1
002,315,0,0,0,1
002,316,0,0,0,1
002,317,0,0,0,1
002,318,0,0,0,1
002,319,0,0,0,1
002,320,0,0,0,1
002,321,0,0,0,1
002,322,0,0,0,1
002,323,0,0,0,1
003,1,0,0,0,1
003,2,0,0,0,1
003,3,0,0,0,1
003,4,0,0,0,1
003,5,0,0,0,1
003,6,0,0,0,1
003,7,0,0,0,1
003,8,0,0,0,1
003,9,0,0,0,1
003,10,0,0,0,1
003,11,0,0,0,1
003,12,0,0,0,1
003,13,0,0,0,1
003,14,0,0,0,1
003,15,0,0,0,1
003,16,0,0,0,1
003,17,0,0,0,1
003,18,0,0,0,1
003,19,0,0,0,1
003,20,0,0,0,1
003,21,0,0,0,1
003,22,0,0,0,1
003,23,0,0,0,1
003,24,0,0,0,1
003,25,0,0,0,1
003,26,0,0,0,1
003,27,0,0,0,1
003,28,0,0,0,1
003,29,0,0,0,1
003,30,0,0,0,1
003,31,0,0,0,1
003,32,0,0,0,1
003,33,0,0,0,1
003,34,0,0,0,1
003,35,0,0,0,1
003,36,0,0,0,1
003,37,0,0,0,1
003,38,0,0,0,1
003,39,0,0,0,1
003,40,0,0,0,1
003,41,0,0,0,1
003,42,0,0,0,1
003,43,0,0,0,1
003,44,0,0,0,1
003,45,0,0,0,1
003,46,0,0,0,1
003,47,0,0,0,1
003,48,0,0,0,1
003,49,0,0,0,1
003,50,0,0,0,1
003,51,0,0,0,1
003,52,0,0,0,1
003,53,0,0,0,1
003,54,0,1,0,0
003,55,0,1,0,0
003,56,0,1,0,0
003,57,0,1,0,0
003,58,0,1,0,0
003,59,0,1,0,0
003,60,0,1,0,0
003,61,0,1,0,0
003,62,0,1,0,0
003,63,0,1,0,0
003,64,0,1,0,0
003,65,0,1,0,0
003,66,0,1,0,0
003,67,0,1,0,0
003,68,0,1,0,0
003,69,0,1,0,0
003,70,0,1,0,0
003,71,0,1,0,0
003,72,0,1,0,0
003,73,0,1,0,0
003,74,0,1,0,0
003,75,0,1,0,0
003,76,0,1,0,0
003,77,0,1,0,0
003,78,0,1,0,0
003,79,0,1,0,0
003,80,0,1,0,0
003,81,0,1,0,0
003,82,0,1,0,0
003,83,0,1,0,0
003,84,0,1,0,0
003,85,0,1,0,0
003,86,0,1,0,0
003,87,0,1,0,0
003,88,0,1,0,0
003,89,0,1,0,0
003,90,0,1,0,0
003,91,0,1,0,0
003,92,0,1,0,0
003,93,0,1,0,0
003,94,0,1,0,0
003,95,0,1,0,0
003,96,0,1,0,0
003,97,0,1,0,0
003,98,0,1,0,0
003,99,0,1,0,0
003,100,0,1,0,0
003,101,0,1,0,0
003,102,0,1,0,0
003,103,0,1,0,0
003,104,0,1,0,0
003,105,0,1,0,0
003,106,0,1,0,0
003,107,0,1,0,0
003,108,0,1,0,0
003,109,0,1,0,0
003,110,0,1,0,0
003,111,0,1,0,0
003,112,0,1,0,0
003,113,0,1,0,0
003,114,0,1,0,0
003,115,0,1,0,0
003,116,0,1,0,0
003,117,0,1,0,0
003,118,0,1,0,0
003,119,0,1,0,0
003,120,0,1,0,0
003,121,0,1,0,0
003,122,0,1,0,0
003,123,0,1,0,0
003,124,0,1,0,0
003,125,0,1,0,0
003,126,0,1,0,0
003,127,0,1,0,0
003,128,0,1,0,0
003,129,0,1,0,0
003,130,0,1,0,0
003,131,0,1,0,0
003,132,0,1,0,0
003,133,0,1,0,0
003,134,0,1,0,0
003,135,0,1,0,0
003,136,0,1,0,0
003,137,0,1,0,0
003,138,0,1,0,0
003,139,0,1,0,0
003,140,0,1,0,0
003,141,0,1,0,0
003,142,0,1,0,0
003,143,0,1,0,0
003,144,0,1,0,0
003,145,0,1,0,0
003,146,0,1,0,0
003,147,0,1,0,0
003,148,0,1,0,0
003,149,0,1,0,0
003,150,0,1,0,0
003,151,0,1,0,0
003,152,0,1,0,0
003,153,0,1,0,0
003,154,0,1,0,0
003,155,0,1,0,0
003,156,0,1,0,0
003,157,0,1,0,0
003,158,0,1,0,0
003,159,0,1,0,0
003,160,0,1,0,0
003,161,0,1,0,0
003,162,0,1,0,0
003,163,0,1,0,0
003,164,0,1,0,0
003,165,0,1,0,0
003,166,0,1,0,0
003,167,0,1,0,0
003,168,0,1,0,0
003,169,0,1,0,0
003,170,0,1,0,0
003,171,0,1,0,0
003,172,0,1,0,0
003,173,0,1,0,0
003,174,0,1,0,0
003,175,0,1,0,0
003,176,0,1,0,0
003,177,0,1,0,0
003,178,0,1,0,0
003,179,0,1,0,0
003,180,0,1,0,0
003,181,0,1,0,0
003,182,0,1,0,0
003,183,0,1,0,0
003,184,0,1,0,0
003,185,0,1,0,0
003,186,0,1,0,0
003,187,0,1,0,0
003,188,0,1,0,0
003,189,0,1,0,0
003,190,0,1,0,0
003,191,0,1,0,0
003,192,0,1,0,0
003,193,0,1,0,0
003,194,0,1,0,0
003,195,0,1,0,0
003,196,0,1,0,0
003,197,0,1,0,0
003,198,0,1,0,0
003,199,0,1,0,0
003,200,0,1,0,0
003,201,0,1,0,0
003,202,0,1,0,0
003,203,0,1,0,0
003,204,0,1,0,0
003,205,0,1,0,0
003,206,0,1,0,0
003,207,0,1,0,0
003,208,0,1,0,0
003,209,0,1,0,0
003,210,0,1,0,0
003,211,0,1,0,0
003,212,0,1,0,0
003,213,0,1,0,0
003,214,0,1,0,0
003,215,0,1,0,0
003,216,0,1,0,0
003,217,0,1,0,0
003,218,0,1,0,0
003,219,0,1,0,0
003,220,0,1,0,0
003,221,0,1,0,0
003,222,0,1,0,0
003,223,0,1,0,0
003,224,0,1,0,0
003,225,0,1,0,0
003,226,0,1,0,0
003,227,0,1,0,0
003,228,0,1,0,0
003,229,0,1,0,0
003,230,0,1,0,0
003,231,0,1,0,0
003,232,0,1,0,0
003,233,0,1,0,0
003,234,0,1,0,0
003,235,0,1,0,0
003,236,0,1,0,0
003,237,0,1,0,0
003,238,0,1,0,0
003,239,0,1,0,0
003,240,0,1,0,0
003,241,0,1,0,0
003,242,0,1,0,0
003,243,0,1,0,0
003,244,0,1,0,0
003,245,0,1,0,0
003,246,0,1,0,0
003,247,0,1,0,0
003,248,0,1,0,0
003,249,0,1,0,0
003,250,0,1,0,0
003,251,0,1,0,0
003,252,0,1,0,0
003,253,0,1,0,0
003,254,0,1,0,0
003,255,0,1,0,0
003,256,0,1,0,0
003,257,0,1,0,0
003,258,0,1,0,0
003,259,0,1,0,0
003,260,0,1,0,0
003,261,0,1,0,0
003,262,0,1,0,0
003,263,0,1,0,0
003,264,0,1,0,0
003,265,0,1,0,0
003,266,0,1,0,0
003,267,0,1,0,0
003,268,0,1,0,0
003,269,0,1,0,0
003,270,0,1,0,0
003,271,0,1,0,0
003,272,0,1,0,0
003,273,0,1,0,0
003,274,0,1,0,0
003,275,0,1,0,0
003,276,0,1,0,0
003,277,0,1,0,0
003,278,0,1,0,0
003,279,0,1,0,0
003,280,0,1,0,0
003,281,0,1,0,0
003,282,0,1,0,0
003,283,0,1,0,0
003,284,0,1,0,0
003,285,0,1,0,0
003,286,0,1,0,0
003,287,0,1,0,0
003,288,0,1,0,0
003,289,0,1,0,0
003,290,0,1,0,0
003,291,0,1,0,0
003,292,0,1,0,0
003,293,0,1,0,0
003,294,0,1,0,0
003,295,0,1,0,0
003,296,0,1,0,0
003,297,0,1,0,0
003,298,0,1,0,0
003,299,0,1,0,0
003,300,0,1,0,0
003,301,0,1,0,0
003,302,0,1,0,0
003,303,0,1,0,0
003,304,0,1,0,0
003,305,0,1,0,0
003,306,0,1,0,0
003,307,0,1,0,0
003,308,0,1,0,0
003,309,0,1,0,0
003,310,0,1,0,0
003,311,0,1,0,0
003,312,0,1,0,0
003,313,0,1,0,0
003,314,0,1,0,0
003,315,0,1,0,0
003,316,0,1,0,0
003,317,0,1,0,0
003,318,0,1,0,0
003,319,0,1,0,0
003,320,0,1,0,0
003,321,0,1,0,0
003,322,0,1,0,0
003,323,0,0,0,1
003,324,0,0,0,1
003,325,0,0,0,1
003,326,0,0,0,1
003,327,0,0,0,1
003,328,0,0,0,1
003,329,0,0,0,1
003,330,0,0,0,1
003,331,0,0,0,1
003,332,0,0,0,1
003,333,0,0,0,1
003,334,0,0,0,1
003,335,0,0,0,1
003,336,0,0,0,1
003,337,0,0,0,1
003,338,0,0,0,1
003,339,0,0,0,1
003,340,0,0,0,1
003,341,0,0,0,1
003,342,0,0,0,1
003,343,0,0,0,1
003,344,0,0,0,1
003,345,0,0,0,1
003,346,0,0,0,1
003,347,0,0,0,1
003,348,0,0,0,1
003,349,0,0,0,1
003,350,0,0,0,1
003,351,0,0,0,1
003,352,0,0,0,1
003,353,0,0,0,1
003,354,0,0,0,1
003,355,0,0,0,1
003,356,0,0,0,1
003,357,0,0,0,1
003,358,0,0,0,1
003,359,0,0,0,1
003,360,0,0,0,1
003,361,0,0,0,1
003,362,0,0,0,1
003,363,0,0,0,1
003,364,0,0,0,1
003,365,0,0,0,1
003,366,0,0,0,1
003,367,0,0,0,1
003,368,0,0,0,1
003,369,0,0,0,1
003,370,0,0,0,1
003,371,0,0,0,1
003,372,0,0,0,1
003,373,0,0,0,1
003,374,0,0,0,1
003,375,0,0,0,1
003,376,0,0,0,1
003,377,0,0,0,1
003,378,0,0,0,1
003,379,0,0,0,1
003,380,0,0,0,1
003,381,0,0,0,1
003,382,0,0,0,1
003,383,0,0,0,1
003,384,0,0,0,1
003,385,0,0,0,1
003,386,0,0,0,1
003,387,0,0,0,1
003,388,0,0,0,1
003,389,0,0,0,1
003,390,0,0,0,1
003,391,0,0,0,1
003,392,0,0,0,1
003,393,0,0,0,1
003,394,0,0,0,1
003,395,0,0,0,1
003,396,0,1,0,0
003,397,0,1,0,0
003,398,0,1,0,0
003,399,0,1,0,0
003,400,0,1,0,0
003,401,0,1,0,0
003,402,0,1,0,0
003,403,0,1,0,0
003,404,0,1,0,0
003,405,0,1,0,0
003,406,0,1,0,0
003,407,0,1,0,0
003,408,0,1,0,0
003,409,0,1,0,0
003,410,0,1,0,0
003,411,0,1,0,0
003,412,0,1,0,0
003,413,0,1,0,0
003,414,0,1,0,0
003,415,0,0,0,1
003,416,0,0,0,1
003,417,0,0,0,1
003,418,0,0,0,1
003,419,0,0,0,1
003,420,0,0,0,1
003,421,0,0,0,1
003,422,0,0,0,1
003,423,0,0,0,1
003,424,0,0,0,1
003,425,0,1,0,0
003,426,0,1,0,0
003,427,0,1,0,0
003,428,0,1,0,0
003,429,0,1,0,0
003,430,0,1,0,0
003,431,0,1,0,0
003,432,0,1,0,0
003,433,0,1,0,0
003,434,0,1,0,0
003,435,0,1,0,0
003,436,0,1,0,0
003,437,0,1,0,0
003,438,0,1,0,0
003,439,0,1,0,0
003,440,0,1,0,0
003,441,0,1,0,0
003,442,0,1,0,0
003,443,0,1,0,0
003,444,0,1,0,0
003,445,0,1,0,0
003,446,0,1,0,0
003,447,0,1,0,0
003,448,0,1,0,0
003,449,0,1,0,0
003,450,0,1,0,0
003,451,0,1,0,0
003,452,0,1,0,0
003,453,0,1,0,0
003,454,0,1,0,0
003,455,0,1,0,0
003,456,0,1,0,0
003,457,0,1,0,0
003,458,0,1,0,0
003,459,0,1,0,0
003,460,0,1,0,0
003,461,0,1,0,0
003,462,0,1,0,0
003,463,0,1,0,0
003,464,0,1,0,0
003,465,0,1,0,0
003,466,0,1,0,0
003,467,0,1,0,0
003,468,0,1,0,0
003,469,0,1,0,0
003,470,0,1,0,0
003,471,0,1,0,0
003,472,0,1,0,0
003,473,0,1,0,0
003,474,0,1,0,0
003,475,0,1,0,0
003,476,0,1,0,0
003,477,0,1,0,0
003,478,0,1,0,0
003,479,0,1,0,0
003,480,0,1,0,0
003,481,0,1,0,0
003,482,0,1,0,0
003,483,0,1,0,0
003,484,0,1,0,0
003,485,0,1,0,0
003,486,0,1,0,0
003,487,0,1,0,0
003,488,0,1,0,0
003,489,0,1,0,0
003,490,0,1,0,0
003,491,0,1,0,0
003,492,0,1,0,0
003,493,0,1,0,0
003,494,0,1,0,0
003,495,0,1,0,0
003,496,0,1,0,0
003,497,0,1,0,0
003,498,0,1,0,0
003,499,0,1,0,0
003,500,0,1,0,0
003,501,0,1,0,0
003,502,0,1,0,0
003,503,0,1,0,0
003,504,0,1,0,0
003,505,0,1,0,0
003,506,0,1,0,0
003,507,0,1,0,0
003,508,0,1,0,0
003,509,0,1,0,0
003,510,0,1,0,0
003,511,0,1,0,0
003,512,0,1,0,0
003,513,0,1,0,0
003,514,0,1,0,0
003,515,0,1,0,0
003,516,0,1,0,0
003,517,0,1,0,0
003,518,0,1,0,0
003,519,0,1,0,0
003,520,0,1,0,0
003,521,0,1,0,0
003,522,0,1,0,0
003,523,0,1,0,0
003,524,0,1,0,0
003,525,0,1,0,0
003,526,0,1,0,0
003,527,0,1,0,0
003,528,0,1,0,0
003,529,0,1,0,0
003,530,0,1,0,0
003,531,0,1,0,0
003,532,0,1,0,0
003,533,0,1,0,0
003,534,0,1,0,0
003,535,0,1,0,0
003,536,0,1,0,0
003,537,0,1,0,0
003,538,0,1,0,0
003,539,0,1,0,0
003,540,0,1,0,0
003,541,0,1,0,0
003,542,0,1,0,0
003,543,0,1,0,0
003,544,0,1,0,0
003,545,0,1,0,0
003,546,0,1,0,0
003,547,0,1,0,0
003,548,0,1,0,0
003,549,0,1,0,0
003,550,0,1,0,0
003,551,0,1,0,0
003,552,0,1,0,0
003,553,0,1,0,0
003,554,0,1,0,0
003,555,0,1,0,0
003,556,0,1,0,0
003,557,0,1,0,0
003,558,0,1,0,0
003,559,0,1,0,0
003,560,0,1,0,0
003,561,0,1,0,0
003,562,0,1,0,0
003,563,0,1,0,0
003,564,0,1,0,0
003,565,0,1,0,0
003,566,0,1,0,0
003,567,0,1,0,0
003,568,0,1,0,0
003,569,0,1,0,0
003,570,0,1,0,0
003,571,0,1,0,0
003,572,0,1,0,0
003,573,0,1,0,0
003,574,0,1,0,0
003,575,0,1,0,0
003,576,0,1,0,0
003,577,0,1,0,0
003,578,0,1,0,0
003,579,0,1,0,0
003,580,0,1,0,0
003,581,0,0,0,1
004,1,1,0,0,0
004,2,1,0,0,0
004,3,1,0,0,0
004,4,1,0,0,0
004,5,1,0,0,0
004,6,1,0,0,0
004,7,1,0,0,0
004,8,1,0,0,0
004,9,1,0,0,0
004,10,1,0,0,0
004,11,1,0,0,0
004,12,1,0,0,0
004,13,1,0,0,0
004,14,1,0,0,0
004,15,1,0,0,0
004,16,1,0,0,0
004,17,1,0,0,0
004,18,1,0,0,0
004,19,1,0,0,0
004,20,1,0,0,0
004,21,1,0,0,0
004,22,1,0,0,0
004,23,1,0,0,0
004,24,1,0,0,0
004,25,1,0,0,0
004,26,1,0,0,0
004,27,1,0,0,0
004,28,1,0,0,0
004,29,1,0,0,0
004,30,1,0,0,0
004,31,1,0,0,0
004,32,1,0,0,0
004,33,1,0,0,0
004,34,1,0,0,0
004,35,1,0,0,0
004,36,1,0,0,0
004,37,1,0,0,0
004,38,1,0,0,0
004,39,1,0,0,0
004,40,1,0,0,0
004,41,1,0,0,0
004,42,1,0,0,0
004,43,1,0,0,0
004,44,1,0,0,0
004,45,1,0,0,0
004,46,1,0,0,0
004,47,1,0,0,0
004,48,1,0,0,0
004,49,1,0,0,0
004,50,1,0,0,0
004,51,1,0,0,0
004,52,1,0,0,0
004,53,1,0,0,0
004,54,1,0,0,0
004,55,1,0,0,0
004,56,1,0,0,0
004,57,1,0,0,0
004,58,1,0,0,0
004,59,1,0,0,0
004,60,1,0,0,0
004,61,1,0,0,0
004,62,1,0,0,0
004,63,1,0,0,0
004,64,1,0,0,0
004,65,1,0,0,0
004,66,1,0,0,0
004,67,1,0,0,0
004,68,1,0,0,0
004,69,1,0,0,0
004,70,1,0,0,0
004,71,1,0,0,0
004,72,1,0,0,0
004,73,1,0,0,0
004,74,1,0,0,0
004,75,1,0,0,0
004,76,1,0,0,0
004,77,1,0,0,0
004,78,1,0,0,0
004,79,1,0,0,0
004,80,1,0,0,0
004,81,1,0,0,0
004,82,1,0,0,0
004,83,1,0,0,0
004,84,1,0,0,0
004,85,1,0,0,0
004,86,1,0,0,0
004,87,1,0,0,0
004,88,1,0,0,0
004,89,1,0,0,0
004,90,1,0,0,0
004,91,1,0,0,0
004,92,1,0,0,0
004,93,1,0,0,0
004,94,1,0,0,0
004,95,1,0,0,0
004,96,1,0,0,0
004,97,1,0,0,0
004,98,1,0,0,0
004,99,1,0,0,0
004,100,1,0,0,0
004,101,1,0,0,0
004,102,1,0,0,0
004,103,1,0,0,0
004,104,1,0,0,0
004,105,1,0,0,0
004,106,1,0,0,0
004,107,1,0,0,0
004,108,1,0,0,0
004,109,1,0,0,0
004,110,1,0,0,0
004,111,1,0,0,0
004,112,1,0,0,0
004,113,1,0,0,0
004,114,1,0,0,0
004,115,1,0,0,0
004,116,1,0,0,0
004,117,1,0,0,0
004,118,1,0,0,0
004,119,1,0,0,0
004,120,1,0,0,0
004,121,1,0,0,0
004,122,1,0,0,0
004,123,1,0,0,0
004,124,1,0,0,0
004,125,1,0,0,0
004,126,1,0,0,0
004,127,1,0,0,0
004,128,1,0,0,0
004,129,1,0,0,0
004,130,1,0,0,0
004,131,1,0,0,0
004,132,1,0,0,0
004,133,1,0,0,0
004,134,1,0,0,0
004,135,1,0,0,0
004,136,1,0,0,0
004,137,1,0,0,0
004,138,1,0,0,0
004,139,1,0,0,0
004,140,1,0,0,0
004,141,1,0,0,0
004,142,1,0,0,0
004,143,1,0,0,0
004,144,1,0,0,0
004,145,1,0,0,0
004,146,1,0,0,0
004,147,1,0,0,0
004,148,1,0,0,0
004,149,1,0,0,0
004,150,1,0,0,0
004,151,1,0,0,0
004,152,1,0,0,0
004,153,1,0,0,0
004,154,1,0,0,0
004,155,1,0,0,0
004,156,1,0,0,0
004,157,1,0,0,0
004,158,1,0,0,0
004,159,1,0,0,0
004,160,1,0,0,0
004,161,1,0,0,0
004,162,1,0,0,0
004,163,1,0,0,0
004,164,1,0,0,0
004,165,1,0,0,0
004,166,1,0,0,0
004,167,1,0,0,0
004,168,1,0,0,0
004,169,1,0,0,0
004,170,1,0,0,0
004,171,1,0,0,0
004,172,1,0,0,0
004,173,1,0,0,0
004,174,1,0,0,0
004,175,1,0,0,0
004,176,1,0,0,0
004,177,1,0,0,0
004,178,1,0,0,0
004,179,1,0,0,0
004,180,1,0,0,0
004,181,1,0,0,0
004,182,1,0,0,0
004,183,1,0,0,0
004,184,1,0,0,0
004,185,1,0,0,0
004,186,1,0,0,0
004,187,1,0,0,0
004,188,1,0,0,0
004,189,1,0,0,0
004,190,1,0,0,0
004,191,1,0,0,0
004,192,1,0,0,0
004,193,1,0,0,0
004,194,1,0,0,0
004,195,1,0,0,0
004,196,1,0,0,0
004,197,1,0,0,0
004,198,1,0,0,0
004,199,1,0,0,0
004,200,1,0,0,0
004,201,1,0,0,0
004,202,1,0,0,0
004,203,1,0,0,0
004,204,1,0,0,0
004,205,1,0,0,0
004,206,1,0,0,0
004,207,1,0,0,0
004,208,1,0,0,0
004,209,1,0,0,0
004,210,1,0,0,0
004,211,1,0,0,0
004,212,1,0,0,0
004,213,1,0,0,0
004,214,1,0,0,0
004,215,1,0,0,0
004,216,1,0,0,0
004,217,1,0,0,0
004,218,1,0,0,0
004,219,1,0,0,0
004,220,1,0,0,0
004,221,1,0,0,0
004,222,1,0,0,0
004,223,1,0,0,0
004,224,1,0,0,0
004,225,1,0,0,0
004,226,1,0,0,0
004,227,1,0,0,0
004,228,1,0,0,0
004,229,1,0,0,0
004,230,1,0,0,0
004,231,1,0,0,0
004,232,1,0,0,0
004,233,1,0,0,0
004,234,1,0,0,0
004,235,1,0,0,0
004,236,1,0,0,0
004,237,1,0,0,0
004,238,1,0,0,0
004,239,1,0,0,0
004,240,1,0,0,0
004,241,1,0,0,0
004,242,1,0,0,0
004,243,1,0,0,0
004,244,1,0,0,0
004,245,1,0,0,0
004,246,1,0,0,0
004,247,1,0,0,0
004,248,1,0,0,0
004,249,1,0,0,0
004,250,1,0,0,0
004,251,1,0,0,0
004,252,1,0,0,0
004,253,1,0,0,0
004,254,1,0,0,0
004,255,1,0,0,0
004,256,1,0,0,0
004,257,1,0,0,0
004,258,1,0,0,0
004,259,1,0,0,0
004,260,1,0,0,0
004,261,1,0,0,0
004,262,1,0,0,0
004,263,1,0,0,0
004,264,1,0,0,0
004,265,1,0,0,0
004,266,1,0,0,0
004,267,1,0,0,0
004,268,1,0,0,0
004,269,1,0,0,0
004,270,1,0,0,0
004,271,1,0,0,0
004,272,1,0,0,0
004,273,1,0,0,0
004,274,1,0,0,0
004,275,1,0,0,0
004,276,1,0,0,0
004,277,1,0,0,0
004,278,1,0,0,0
004,279,1,0,0,0
004,280,1,0,0,0
004,281,1,0,0,0
004,282,1,0,0,0
004,283,1,0,0,0
004,284,1,0,0,0
004,285,1,0,0,0
004,286,1,0,0,0
004,287,1,0,0,0
004,288,1,0,0,0
004,289,1,0,0,0
004,290,1,0,0,0
004,291,1,0,0,0
004,292,1,0,0,0
004,293,1,0,0,0
004,294,1,0,0,0
004,295,1,0,0,0
004,296,1,0,0,0
004,297,1,0,0,0
004,298,1,0,0,0
004,299,1,0,0,0
004,300,1,0,0,0
004,301,1,0,0,0
004,302,1,0,0,0
004,303,1,0,0,0
004,304,1,0,0,0
004,305,1,0,0,0
004,306,1,0,0,0
004,307,1,0,0,0
004,308,1,0,0,0
004,309,1,0,0,0
004,310,1,0,0,0
004,311,1,0,0,0
004,312,1,0,0,0
004,313,1,0,0,0
004,314,1,0,0,0
004,315,1,0,0,0
004,316,1,0,0,0
004,317,1,0,0,0
004,318,1,0,0,0
004,319,1,0,0,0
004,320,1,0,0,0
004,321,1,0,0,0
004,322,1,0,0,0
004,323,1,0,0,0
004,324,1,0,0,0
004,325,1,0,0,0
004,326,1,0,0,0
004,327,1,0,0,0
004,328,1,0,0,0
004,329,1,0,0,0
004,330,1,0,0,0
004,331,1,0,0,0
004,332,1,0,0,0
004,333,1,0,0,0
004,334,1,0,0,0
004,335,1,0,0,0
004,336,1,0,0,0
004,337,1,0,0,0
004,338,1,0,0,0
004,339,1,0,0,0
004,340,1,0,0,0
004,341,1,0,0,0
004,342,1,0,0,0
004,343,1,0,0,0
004,344,1,0,0,0
004,345,1,0,0,0
004,346,1,0,0,0
004,347,1,0,0,0
004,348,1,0,0,0
004,349,1,0,0,0
004,350,1,0,0,0
004,351,1,0,0,0
004,352,1,0,0,0
004,353,1,0,0,0
004,354,1,0,0,0
004,355,1,0,0,0
004,356,1,0,0,0
004,357,1,0,0,0
004,358,1,0,0,0
004,359,1,0,0,0
004,360,1,0,0,0
004,361,1,0,0,0
004,362,1,0,0,0
004,363,1,0,0,0
004,364,0,0,0,1
005,1,0,0,0,1
005,2,0,0,0,1
005,3,0,0,0,1
005,4,0,0,0,1
005,5,0,0,0,1
005,6,0,0,0,1
005,7,0,0,1,0
005,8,0,0,1,0
005,9,0,0,1,0
005,10,0,0,1,0
005,11,0,0,1,0
005,12,0,0,1,0
005,13,0,0,1,0
005,14,0,0,1,0
005,15,0,0,1,0
005,16,0,0,1,0
005,17,0,0,1,0
005,18,0,0,1,0
005,19,0,0,1,0
005,20,0,0,1,0
005,21,0,0,1,0
005,22,0,0,1,0
005,23,0,0,1,0
005,24,0,0,1,0
005,25,0,0,1,0
005,26,0,0,1,0
005,27,0,0,1,0
005,28,0,0,1,0
005,29,0,0,1,0
005,30,0,0,1,0
005,31,0,0,1,0
005,32,0,0,1,0
005,33,0,0,1,0
005,34,0,0,1,0
005,35,0,0,1,0
005,36,0,0,1,0
005,37,0,0,1,0
005,38,0,0,1,0
005,39,0,0,1,0
005,40,0,0,1,0
005,41,0,0,1,0
005,42,0,0,1,0
005,43,0,0,1,0
005,44,0,0,1,0
005,45,0,0,1,0
005,46,0,0,1,0
005,47,0,0,1,0
005,48,0,0,1,0
005,49,0,0,1,0
005,50,0,0,1,0
005,51,0,0,1,0
005,52,0,0,1,0
005,53,0,0,1,0
005,54,0,0,1,0
005,55,0,0,1,0
005,56,0,0,1,0
005,57,0,0,1,0
005,58,0,0,1,0
005,59,0,0,1,0
005,60,0,0,1,0
005,61,0,0,1,0
005,62,0,0,1,0
005,63,0,0,1,0
005,64,0,0,1,0
005,65,0,0,1,0
005,66,0,0,1,0
005,67,0,0,1,0
005,68,0,0,1,0
005,69,0,0,1,0
005,70,0,0,1,0
005,71,0,0,1,0
005,72,0,0,1,0
005,73,0,0,1,0
005,74,0,0,1,0
005,75,0,0,1,0
005,76,0,0,1,0
005,77,0,0,1,0
005,78,0,0,1,0
005,79,0,0,1,0
005,80,0,0,1,0
005,81,0,0,1,0
005,82,0,0,1,0
005,83,0,0,1,0
005,84,0,0,1,0
005,85,0,0,1,0
005,86,0,0,1,0
005,87,0,0,1,0
005,88,0,0,1,0
005,89,0,0,1,0
005,90,0,0,1,0
005,91,0,0,1,0
005,92,0,0,1,0
005,93,0,0,1,0
005,94,0,0,1,0
005,95,0,0,1,0
005,96,0,0,1,0
005,97,0,0,1,0
005,98,0,0,1,0
005,99,0,0,1,0
005,100,0,0,1,0
005,101,0,0,1,0
005,102,0,0,1,0
005,103,0,0,1,0
005,104,0,0,1,0
005,105,0,0,1,0
005,106,0,0,1,0
005,107,0,0,1,0
005,108,0,0,1,0
005,109,0,0,1,0
005,110,0,0,1,0
005,111,0,0,1,0
005,112,0,0,1,0
005,113,0,0,1,0
005,114,0,0,1,0
005,115,0,0,1,0
005,116,0,0,1,0
005,117,0,0,1,0
005,118,0,0,1,0
005,119,0,0,1,0
005,120,0,0,1,0
005,121,0,0,1,0
005,122,0,0,1,0
005,123,0,0,1,0
005,124,0,0,1,0
005,125,0,0,1,0
005,126,0,0,1,0
005,127,0,0,1,0
005,128,0,0,1,0
005,129,0,0,1,0
005,130,0,0,1,0
005,131,0,0,1,0
005,132,0,0,1,0
005,133,0,0,1,0
005,134,0,0,1,0
005,135,0,0,1,0
005,136,0,0,1,0
005,137,0,0,1,0
005,138,0,0,1,0
005,139,0,0,1,0
005,140,0,0,1,0
005,141,0,0,1,0
005,142,0,0,1,0
005,143,0,0,1,0
005,144,0,0,1,0
005,145,0,0,1,0
005,146,0,0,1,0
005,147,0,0,1,0
005,148,0,0,1,0
005,149,0,0,1,0
005,150,0,0,1,0
005,151,0,0,1,0
005,152,0,0,1,0
005,153,0,0,1,0
005,154,0,0,1,0
005,155,0,0,1,0
005,156,0,0,1,0
005,157,0,0,1,0
005,158,0,0,1,0
005,159,0,0,1,0
005,160,0,0,1,0
005,161,0,0,1,0
005,162,0,0,1,0
005,163,0,0,1,0
005,164,0,0,1,0
005,165,0,0,1,0
005,166,0,0,1,0
005,167,0,0,1,0
005,168,0,0,1,0
005,169,0,0,1,0
005,170,0,0,1,0
005,171,0,0,1,0
005,172,0,0,1,0
005,173,0,0,1,0
005,174,0,0,1,0
005,175,0,0,1,0
005,176,0,0,1,0
005,177,0,0,1,0
005,178,0,0,1,0
005,179,0,0,1,0
005,180,0,0,1,0
005,181,0,0,1,0
005,182,0,0,1,0
005,183,0,0,1,0
005,184,0,0,1,0
005,185,0,0,1,0
005,186,0,0,1,0
005,187,0,0,1,0
005,188,0,0,1,0
005,189,0,0,1,0
005,190,0,0,1,0
005,191,0,0,1,0
005,192,0,0,1,0
005,193,0,0,1,0
005,194,0,0,1,0
005,195,0,0,1,0
005,196,0,0,1,0
005,197,0,0,1,0
005,198,0,0,1,0
005,199,0,0,1,0
005,200,0,0,1,0
005,201,0,0,1,0
005,202,0,0,1,0
005,203,0,0,1,0
005,204,0,0,1,0
005,205,0,0,1,0
005,206,0,0,1,0
005,207,0,0,1,0
005,208,0,0,1,0
005,209,0,0,1,0
005,210,0,0,1,0
005,211,0,0,1,0
005,212,0,0,1,0
005,213,0,0,1,0
005,214,0,0,1,0
005,215,0,0,1,0
005,216,0,0,1,0
005,217,0,0,1,0
005,218,0,0,1,0
005,219,0,0,1,0
005,220,0,0,1,0
005,221,0,0,1,0
005,222,0,0,1,0
005,223,0,0,1,0
005,224,0,0,1,0
005,225,0,0,1,0
005,226,0,0,1,0
005,227,0,0,1,0
005,228,0,0,1,0
005,229,0,0,1,0
005,230,0,0,1,0
005,231,0,0,1,0
005,232,0,0,1,0
005,233,0,0,1,0
005,234,0,0,1,0
005,235,0,0,1,0
005,236,0,0,1,0
005,237,0,0,1,0
005,238,0,0,1,0
005,239,0,0,1,0
005,240,0,0,1,0
005,241,0,0,1,0
005,242,0,0,1,0
005,243,0,0,0,1
005,244,0,0,0,1
005,245,0,0,0,1
006,1,0,0,0,1
006,2,0,0,0,1
006,3,0,0,0,1
006,4,0,0,0,1
006,5,0,0,0,1
006,6,0,0,0,1
006,7,0,0,0,1
006,8,0,0,0,1
006,9,0,0,0,1
006,10,0,0,0,1
006,11,0,0,0,1
006,12,0,0,0,1
006,13,0,0,0,1
006,14,0,0,0,1
006,15,0,0,0,1
006,16,0,0,0,1
006,17,1,0,0,0
006,18,1,0,0,0
006,19,1,0,0,0
006,20,1,0,0,0
006,21,1,0,0,0
006,22,1,0,0,0
006,23,1,0,0,0
006,24,1,0,0,0
006,25,1,0,0,0
006,26,1,0,0,0
006,27,1,0,0,0
006,28,1,0,0,0
006,29,1,0,0,0
006,30,1,0,0,0
006,31,1,0,0,0
006,32,1,0,0,0
006,33,1,0,0,0
006,34,1,0,0,0
006,35,1,0,0,0
006,36,1,0,0,0
006,37,1,0,0,0
006,38,1,0,0,0
006,39,1,0,0,0
006,40,1,0,0,0
006,41,1,0,0,0
006,42,1,0,0,0
006,43,1,0,0,0
006,44,1,0,0,0
006,45,1,0,0,0
006,46,1,0,0,0
006,47,1,0,0,0
006,48,1,0,0,0
006,49,1,0,0,0
006,50,1,0,0,0
006,51,1,0,0,0
006,52,1,0,0,0
006,53,1,0,0,0
006,54,1,0,0,0
006,55,1,0,0,0
006,56,1,0,0,0
006,57,1,0,0,0
006,58,1,0,0,0
006,59,1,0,0,0
006,60,1,0,0,0
006,61,1,0,0,0
006,62,1,0,0,0
006,63,1,0,0,0
006,64,1,0,0,0
006,65,1,0,0,0
006,66,1,0,0,0
006,67,1,0,0,0
006,68,1,0,0,0
006,69,1,0,0,0
006,70,1,0,0,0
006,71,1,0,0,0
006,72,1,0,0,0
006,73,1,0,0,0
006,74,1,0,0,0
006,75,1,0,0,0
006,76,1,0,0,0
006,77,1,0,0,0
006,78,1,0,0,0
006,79,1,0,0,0
006,80,1,0,0,0
006,81,1,0,0,0
006,82,1,0,0,0
006,83,1,0,0,0
006,84,1,0,0,0
006,85,1,0,0,0
006,86,1,0,0,0
006,87,1,0,0,0
006,88,1,0,0,0
006,89,1,0,0,0
006,90,1,0,0,0
006,91,1,0,0,0
006,92,1,0,0,0
006,93,1,0,0,0
006,94,1,0,0,0
006,95,1,0,0,0
006,96,1,0,0,0
006,97,1,0,0,0
006,98,1,0,0,0
006,99,1,0,0,0
006,100,1,0,0,0
006,101,1,0,0,0
006,102,1,0,0,0
006,103,1,0,0,0
006,104,1,0,0,0
006,105,1,0,0,0
006,106,1,0,0,0
006,107,1,0,0,0
006,108,1,0,0,0
006,109,1,0,0,0
006,110,1,0,0,0
006,111,1,0,0,0
006,112,1,0,0,0
006,113,1,0,0,0
006,114,1,0,0,0
006,115,1,0,0,0
006,116,1,0,0,0
006,117,1,0,0,0
006,118,1,0,0,0
006,119,1,0,0,0
006,120,1,0,0,0
006,121,1,0,0,0
006,122,1,0,0,0
006,123,1,0,0,0
006,124,1,0,0,0
006,125,1,0,0,0
006,126,1,0,0,0
006,127,1,0,0,0
006,128,1,0,0,0
006,129,1,0,0,0
006,130,1,0,0,0
006,131,1,0,0,0
006,132,1,0,0,0
006,133,1,0,0,0
006,134,1,0,0,0
006,135,1,0,0,0
006,136,1,0,0,0
006,137,1,0,0,0
006,138,1,0,0,0
006,139,1,0,0,0
006,140,1,0,0,0
006,141,1,0,0,0
006,142,1,0,0,0
006,143,1,0,0,0
006,144,1,0,0,0
006,145,1,0,0,0
006,146,1,0,0,0
006,147,1,0,0,0
006,148,1,0,0,0
006,149,1,0,0,0
006,150,1,0,0,0
006,151,1,0,0,0
006,152,1,0,0,0
006,153,1,0,0,0
006,154,1,0,0,0
006,155,1,0,0,0
006,156,1,0,0,0
006,157,1,0,0,0
006,158,1,0,0,0
006,159,1,0,0,0
006,160,1,0,0,0
006,161,1,0,0,0
006,162,1,0,0,0
006,163,1,0,0,0
006,164,1,0,0,0
006,165,1,0,0,0
006,166,1,0,0,0
006,167,1,0,0,0
006,168,1,0,0,0
006,169,1,0,0,0
006,170,1,0,0,0
006,171,1,0,0,0
006,172,1,0,0,0
006,173,1,0,0,0
006,174,1,0,0,0
006,175,1,0,0,0
006,176,1,0,0,0
006,177,1,0,0,0
006,178,1,0,0,0
006,179,1,0,0,0
006,180,1,0,0,0
006,181,1,0,0,0
006,182,1,0,0,0
006,183,1,0,0,0
006,184,1,0,0,0
006,185,1,0,0,0
006,186,1,0,0,0
006,187,1,0,0,0
006,188,1,0,0,0
006,189,1,0,0,0
006,190,1,0,0,0
006,191,1,0,0,0
006,192,1,0,0,0
006,193,1,0,0,0
006,194,1,0,0,0
006,195,1,0,0,0
006,196,1,0,0,0
006,197,1,0,0,0
006,198,1,0,0,0
006,199,1,0,0,0
006,200,1,0,0,0
006,201,1,0,0,0
006,202,1,0,0,0
006,203,1,0,0,0
006,204,1,0,0,0
006,205,1,0,0,0
006,206,1,0,0,0
006,207,1,0,0,0
006,208,1,0,0,0
006,209,1,0,0,0
006,210,1,0,0,0
006,211,1,0,0,0
006,212,1,0,0,0
006,213,1,0,0,0
006,214,1,0,0,0
006,215,1,0,0,0
006,216,1,0,0,0
006,217,1,0,0,0
006,218,1,0,0,0
006,219,1,0,0,0
006,220,1,0,0,0
006,221,1,0,0,0
006,222,1,0,0,0
006,223,1,0,0,0
006,224,1,0,0,0
006,225,1,0,0,0
006,226,1,0,0,0
006,227,1,0,0,0
006,228,1,0,0,0
006,229,1,0,0,0
006,230,1,0,0,0
006,231,1,0,0,0
006,232,1,0,0,0
006,233,1,0,0,0
006,234,1,0,0,0
006,235,1,0,0,0
006,236,1,0,0,0
006,237,1,0,0,0
006,238,1,0,0,0
006,239,1,0,0,0
006,240,1,0,0,0
006,241,1,0,0,0
006,242,1,0,0,0
006,243,1,0,0,0
006,244,1,0,0,0
006,245,1,0,0,0
006,246,1,0,0,0
006,247,1,0,0,0
006,248,1,0,0,0
006,249,1,0,0,0
006,250,1,0,0,0
006,251,1,0,0,0
006,252,1,0,0,0
006,253,1,0,0,0
006,254,1,0,0,0
006,255,1,0,0,0
006,256,1,0,0,0
006,257,1,0,0,0
006,258,1,0,0,0
006,259,1,0,0,0
006,260,1,0,0,0
006,261,1,0,0,0
006,262,1,0,0,0
006,263,1,0,0,0
006,264,1,0,0,0
006,265,1,0,0,0
006,266,1,0,0,0
006,267,1,0,0,0
006,268,1,0,0,0
006,269,1,0,0,0
006,270,1,0,0,0
006,271,1,0,0,0
006,272,1,0,0,0
006,273,1,0,0,0
006,274,0,0,0,1
006,275,0,0,0,1
009,1,1,0,0,0
009,2,1,0,0,0
009,3,1,0,0,0
009,4,1,0,0,0
009,5,1,0,0,0
009,6,1,0,0,0
009,7,1,0,0,0
009,8,1,0,0,0
009,9,1,0,0,0
009,10,1,0,0,0
009,11,1,0,0,0
009,12,1,0,0,0
009,13,1,0,0,0
009,14,1,0,0,0
009,15,1,0,0,0
009,16,1,0,0,0
009,17,1,0,0,0
009,18,1,0,0,0
009,19,1,0,0,0
009,20,1,0,0,0
009,21,1,0,0,0
009,22,1,0,0,0
009,23,1,0,0,0
009,24,1,0,0,0
009,25,1,0,0,0
009,26,1,0,0,0
009,27,1,0,0,0
009,28,1,0,0,0
009,29,1,0,0,0
009,30,1,0,0,0
009,31,1,0,0,0
009,32,1,0,0,0
009,33,1,0,0,0
009,34,1,0,0,0
009,35,1,0,0,0
009,36,1,0,0,0
009,37,1,0,0,0
009,38,1,0,0,0
009,39,1,0,0,0
009,40,1,0,0,0
009,41,1,0,0,0
009,42,1,0,0,0
009,43,1,0,0,0
009,44,1,0,0,0
009,45,1,0,0,0
009,46,1,0,0,0
009,47,1,0,0,0
009,48,1,0,0,0
009,49,1,0,0,0
009,50,1,0,0,0
009,51,1,0,0,0
009,52,1,0,0,0
009,53,1,0,0,0
009,54,1,0,0,0
009,55,1,0,0,0
009,56,1,0,0,0
009,57,1,0,0,0
009,58,1,0,0,0
009,59,1,0,0,0
009,60,1,0,0,0
009,61,1,0,0,0
009,62,1,0,0,0
009,63,1,0,0,0
009,64,1,0,0,0
009,65,1,0,0,0
009,66,1,0,0,0
009,67,1,0,0,0
009,68,1,0,0,0
009,69,1,0,0,0
009,70,1,0,0,0
009,71,1,0,0,0
009,72,1,0,0,0
009,73,1,0,0,0
009,74,1,0,0,0
009,75,1,0,0,0
009,76,1,0,0,0
009,77,1,0,0,0
009,78,1,0,0,0
009,79,1,0,0,0
009,80,1,0,0,0
009,81,1,0,0,0
009,82,1,0,0,0
009,83,1,0,0,0
009,84,1,0,0,0
009,85,1,0,0,0
009,86,1,0,0,0
009,87,1,0,0,0
009,88,1,0,0,0
009,89,1,0,0,0
009,90,1,0,0,0
009,91,1,0,0,0
009,92,1,0,0,0
009,93,1,0,0,0
009,94,1,0,0,0
009,95,1,0,0,0
009,96,1,0,0,0
009,97,1,0,0,0
009,98,1,0,0,0
009,99,1,0,0,0
009,100,1,0,0,0
009,101,1,0,0,0
009,102,1,0,0,0
009,103,1,0,0,0
009,104,1,0,0,0
009,105,1,0,0,0
009,106,1,0,0,0
009,107,1,0,0,0
009,108,1,0,0,0
009,109,1,0,0,0
009,110,1,0,0,0
009,111,1,0,0,0
009,112,1,0,0,0
009,113,1,0,0,0
009,114,1,0,0,0
009,115,1,0,0,0
009,116,1,0,0,0
009,117,1,0,0,0
009,118,1,0,0,0
009,119,1,0,0,0
009,120,1,0,0,0
009,121,1,0,0,0
009,122,1,0,0,0
009,123,1,0,0,0
009,124,1,0,0,0
009,125,1,0,0,0
009,126,1,0,0,0
009,127,1,0,0,0
009,128,1,0,0,0
009,129,1,0,0,0
009,130,1,0,0,0
009,131,1,0,0,0
009,132,1,0,0,0
009,133,1,0,0,0
009,134,1,0,0,0
009,135,1,0,0,0
009,136,1,0,0,0
009,137,1,0,0,0
009,138,1,0,0,0
009,139,1,0,0,0
009,140,1,0,0,0
009,141,1,0,0,0
009,142,1,0,0,0
009,143,1,0,0,0
009,144,1,0,0,0
009,145,1,0,0,0
009,146,1,0,0,0
009,147,1,0,0,0
009,148,1,0,0,0
009,149,1,0,0,0
009,150,1,0,0,0
009,151,1,0,0,0
009,152,1,0,0,0
009,153,1,0,0,0
009,154,1,0,0,0
009,155,1,0,0,0
009,156,1,0,0,0
009,157,1,0,0,0
009,158,1,0,0,0
009,159,1,0,0,0
009,160,1,0,0,0
009,161,1,0,0,0
009,162,1,0,0,0
009,163,1,0,0,0
009,164,1,0,0,0
009,165,1,0,0,0
009,166,1,0,0,0
009,167,1,0,0,0
009,168,1,0,0,0
009,169,1,0,0,0
009,170,1,0,0,0
009,171,1,0,0,0
009,172,1,0,0,0
009,173,1,0,0,0
009,174,1,0,0,0
009,175,1,0,0,0
009,176,1,0,0,0
009,177,1,0,0,0
009,178,1,0,0,0
009,179,1,0,0,0
009,180,1,0,0,0
009,181,1,0,0,0
009,182,1,0,0,0
009,183,1,0,0,0
009,184,1,0,0,0
009,185,1,0,0,0
009,186,1,0,0,0
009,187,1,0,0,0
009,188,1,0,0,0
009,189,1,0,0,0
009,190,1,0,0,0
009,191,1,0,0,0
009,192,1,0,0,0
009,193,1,0,0,0
009,194,1,0,0,0
009,195,1,0,0,0
009,196,1,0,0,0
009,197,1,0,0,0
009,198,1,0,0,0
009,199,1,0,0,0
009,200,1,0,0,0
009,201,1,0,0,0
009,202,1,0,0,0
009,203,1,0,0,0
009,204,1,0,0,0
009,205,1,0,0,0
009,206,1,0,0,0
009,207,1,0,0,0
009,208,1,0,0,0
009,209,1,0,0,0
009,210,1,0,0,0
009,211,1,0,0,0
009,212,1,0,0,0
009,213,1,0,0,0
009,214,1,0,0,0
009,215,1,0,0,0
009,216,1,0,0,0
009,217,1,0,0,0
009,218,1,0,0,0
009,219,1,0,0,0
009,220,1,0,0,0
009,221,1,0,0,0
009,222,1,0,0,0
009,223,1,0,0,0
009,224,1,0,0,0
009,225,1,0,0,0
009,226,1,0,0,0
009,227,1,0,0,0
009,228,1,0,0,0
009,229,1,0,0,0
009,230,1,0,0,0
009,231,1,0,0,0
009,232,1,0,0,0
009,233,1,0,0,0
009,234,1,0,0,0
009,235,1,0,0,0
009,236,1,0,0,0
009,237,1,0,0,0
009,238,1,0,0,0
009,239,1,0,0,0
009,240,1,0,0,0
009,241,1,0,0,0
009,242,1,0,0,0
009,243,1,0,0,0
009,244,1,0,0,0
009,245,1,0,0,0
009,246,1,0,0,0
009,247,1,0,0,0
009,248,1,0,0,0
009,249,1,0,0,0
009,250,1,0,0,0
009,251,1,0,0,0
009,252,1,0,0,0
009,253,1,0,0,0
009,254,1,0,0,0
009,255,1,0,0,0
009,256,1,0,0,0
009,257,1,0,0,0
009,258,1,0,0,0
009,259,1,0,0,0
009,260,1,0,0,0
009,261,1,0,0,0
009,262,1,0,0,0
009,263,1,0,0,0
009,264,1,0,0,0
009,265,1,0,0,0
009,266,1,0,0,0
009,267,1,0,0,0
009,268,1,0,0,0
009,269,1,0,0,0
009,270,1,0,0,0
009,271,1,0,0,0
009,272,1,0,0,0
009,273,1,0,0,0
009,274,1,0,0,0
009,275,1,0,0,0
009,276,1,0,0,0
009,277,1,0,0,0
009,278,1,0,0,0
009,279,1,0,0,0
009,280,1,0,0,0
009,281,1,0,0,0
009,282,1,0,0,0
009,283,1,0,0,0
009,284,1,0,0,0
009,285,1,0,0,0
009,286,1,0,0,0
009,287,1,0,0,0
009,288,1,0,0,0
009,289,1,0,0,0
009,290,1,0,0,0
009,291,1,0,0,0
009,292,1,0,0,0
009,293,1,0,0,0
009,294,1,0,0,0
009,295,1,0,0,0
009,296,1,0,0,0
009,297,1,0,0,0
009,298,1,0,0,0
009,299,1,0,0,0
009,300,1,0,0,0
009,301,1,0,0,0
009,302,1,0,0,0
009,303,1,0,0,0
009,304,1,0,0,0
009,305,1,0,0,0
009,306,1,0,0,0
009,307,1,0,0,0
009,308,1,0,0,0
009,309,1,0,0,0
009,310,1,0,0,0
009,311,1,0,0,0
009,312,1,0,0,0
009,313,1,0,0,0
009,314,1,0,0,0
009,315,1,0,0,0
009,316,1,0,0,0
009,317,1,0,0,0
009,318,1,0,0,0
009,319,1,0,0,0
009,320,1,0,0,0
009,321,1,0,0,0
009,322,1,0,0,0
009,323,1,0,0,0
009,324,1,0,0,0
009,325,1,0,0,0
009,326,1,0,0,0
009,327,1,0,0,0
009,328,1,0,0,0
009,329,1,0,0,0
009,330,1,0,0,0
009,331,1,0,0,0
009,332,1,0,0,0
009,333,1,0,0,0
009,334,1,0,0,0
009,335,1,0,0,0
009,336,1,0,0,0
009,337,1,0,0,0
009,338,1,0,0,0
009,339,1,0,0,0
009,340,1,0,0,0
009,341,1,0,0,0
009,342,1,0,0,0
009,343,1,0,0,0
009,344,1,0,0,0
009,345,1,0,0,0
009,346,1,0,0,0
009,347,1,0,0,0
009,348,1,0,0,0
009,349,1,0,0,0
009,350,1,0,0,0
009,351,1,0,0,0
009,352,1,0,0,0
009,353,1,0,0,0
009,354,1,0,0,0
009,355,1,0,0,0
009,356,1,0,0,0
009,357,1,0,0,0
009,358,1,0,0,0
009,359,1,0,0,0
009,360,1,0,0,0
009,361,1,0,0,0
009,362,1,0,0,0
009,363,1,0,0,0
009,364,1,0,0,0
009,365,1,0,0,0
009,366,1,0,0,0
009,367,1,0,0,0
009,368,1,0,0,0
009,369,1,0,0,0
009,370,1,0,0,0
009,371,1,0,0,0
009,372,1,0,0,0
009,373,1,0,0,0
009,374,1,0,0,0
009,375,1,0,0,0
009,376,1,0,0,0
009,377,1,0,0,0
009,378,1,0,0,0
009,379,1,0,0,0
009,380,1,0,0,0
009,381,1,0,0,0
009,382,1,0,0,0
009,383,1,0,0,0
009,384,1,0,0,0
009,385,1,0,0,0
009,386,1,0,0,0
009,387,1,0,0,0
009,388,1,0,0,0
009,389,1,0,0,0
009,390,1,0,0,0
009,391,1,0,0,0
009,392,1,0,0,0
009,393,1,0,0,0
009,394,1,0,0,0
009,395,1,0,0,0
009,396,1,0,0,0
009,397,1,0,0,0
009,398,1,0,0,0
009,399,1,0,0,0
009,400,1,0,0,0
009,401,1,0,0,0
009,402,1,0,0,0
009,403,1,0,0,0
009,404,1,0,0,0
009,405,1,0,0,0
009,406,1,0,0,0
009,407,1,0,0,0
009,408,1,0,0,0
009,409,1,0,0,0
009,410,1,0,0,0
009,411,1,0,0,0
009,412,1,0,0,0
009,413,1,0,0,0
009,414,1,0,0,0
009,415,1,0,0,0
009,416,1,0,0,0
009,417,1,0,0,0
009,418,1,0,0,0
009,419,1,0,0,0
009,420,1,0,0,0
009,421,1,0,0,0
009,422,1,0,0,0
009,423,1,0,0,0
009,424,1,0,0,0
009,425,1,0,0,0
009,426,1,0,0,0
009,427,1,0,0,0
009,428,1,0,0,0
009,429,1,0,0,0
009,430,1,0,0,0
009,431,1,0,0,0
009,432,1,0,0,0
009,433,1,0,0,0
009,434,1,0,0,0
009,435,1,0,0,0
009,436,1,0,0,0
009,437,1,0,0,0
009,438,1,0,0,0
009,439,1,0,0,0
009,440,1,0,0,0
009,441,1,0,0,0
009,442,1,0,0,0
009,443,1,0,0,0
009,444,1,0,0,0
009,445,1,0,0,0
009,446,1,0,0,0
009,447,1,0,0,0
009,448,1,0,0,0
009,449,1,0,0,0
009,450,1,0,0,0
009,451,1,0,0,0
009,452,1,0,0,0
009,453,1,0,0,0
009,454,1,0,0,0
009,455,1,0,0,0
009,456,1,0,0,0
009,457,1,0,0,0
009,458,1,0,0,0
009,459,1,0,0,0
009,460,1,0,0,0
009,461,1,0,0,0
009,462,1,0,0,0
009,463,1,0,0,0
009,464,1,0,0,0
009,465,1,0,0,0
009,466,1,0,0,0
009,467,1,0,0,0
009,468,1,0,0,0
009,469,1,0,0,0
009,470,1,0,0,0
009,471,1,0,0,0
009,472,1,0,0,0
009,473,1,0,0,0
009,474,1,0,0,0
009,475,1,0,0,0
009,476,1,0,0,0
009,477,1,0,0,0
009,478,1,0,0,0
009,479,1,0,0,0
009,480,1,0,0,0
009,481,1,0,0,0
009,482,1,0,0,0
009,483,1,0,0,0
009,484,1,0,0,0
009,485,1,0,0,0
009,486,1,0,0,0
009,487,1,0,0,0
009,488,1,0,0,0
009,489,1,0,0,0
009,490,1,0,0,0
009,491,1,0,0,0
009,492,1,0,0,0
009,493,1,0,0,0
009,494,1,0,0,0
009,495,1,0,0,0
009,496,1,0,0,0
009,497,1,0,0,0
009,498,1,0,0,0
009,499,1,0,0,0
009,500,1,0,0,0
009,501,1,0,0,0
009,502,1,0,0,0
009,503,1,0,0,0
009,504,1,0,0,0
009,505,1,0,0,0
009,506,1,0,0,0
009,507,1,0,0,0
009,508,1,0,0,0
009,509,1,0,0,0
009,510,1,0,0,0
009,511,1,0,0,0
009,512,1,0,0,0
009,513,1,0,0,0
009,514,1,0,0,0
009,515,1,0,0,0
009,516,1,0,0,0
009,517,1,0,0,0
009,518,1,0,0,0
009,519,1,0,0,0
009,520,1,0,0,0
009,521,1,0,0,0
009,522,1,0,0,0
009,523,1,0,0,0
009,524,1,0,0,0
009,525,1,0,0,0
009,526,1,0,0,0
009,527,1,0,0,0
009,528,1,0,0,0
009,529,1,0,0,0
009,530,1,0,0,0
009,531,1,0,0,0
009,532,1,0,0,0
009,533,1,0,0,0
009,534,1,0,0,0
009,535,1,0,0,0
009,536,1,0,0,0
009,537,1,0,0,0
009,538,1,0,0,0
009,539,1,0,0,0
009,540,1,0,0,0
009,541,1,0,0,0
009,542,1,0,0,0
009,543,1,0,0,0
009,544,1,0,0,0
009,545,1,0,0,0
009,546,1,0,0,0
009,547,1,0,0,0
009,548,1,0,0,0
009,549,1,0,0,0
009,550,1,0,0,0
009,551,1,0,0,0
009,552,1,0,0,0
009,553,1,0,0,0
009,554,1,0,0,0
009,555,1,0,0,0
009,556,1,0,0,0
009,557,1,0,0,0
009,558,1,0,0,0
009,559,1,0,0,0
009,560,1,0,0,0
009,561,1,0,0,0
009,562,1,0,0,0
009,563,1,0,0,0
009,564,1,0,0,0
009,565,1,0,0,0
009,566,1,0,0,0
009,567,1,0,0,0
009,568,1,0,0,0
009,569,1,0,0,0
009,570,1,0,0,0
009,571,1,0,0,0
009,572,1,0,0,0
009,573,1,0,0,0
009,574,1,0,0,0
009,575,1,0,0,0
009,576,1,0,0,0
009,577,1,0,0,0
009,578,1,0,0,0
009,579,1,0,0,0
009,580,1,0,0,0
009,581,1,0,0,0
009,582,1,0,0,0
009,583,1,0,0,0
009,584,1,0,0,0
009,585,1,0,0,0
009,586,1,0,0,0
009,587,1,0,0,0
009,588,1,0,0,0
009,589,1,0,0,0
009,590,1,0,0,0
009,591,1,0,0,0
009,592,1,0,0,0
009,593,1,0,0,0
009,594,1,0,0,0
009,595,1,0,0,0
009,596,1,0,0,0
009,597,1,0,0,0
009,598,1,0,0,0
009,599,1,0,0,0
009,600,1,0,0,0
009,601,1,0,0,0
009,602,1,0,0,0
009,603,1,0,0,0
009,604,1,0,0,0
009,605,1,0,0,0
009,606,1,0,0,0
009,607,1,0,0,0
009,608,1,0,0,0
009,609,1,0,0,0
009,610,1,0,0,0
009,611,1,0,0,0
009,612,1,0,0,0
009,613,1,0,0,0
009,614,1,0,0,0
009,615,1,0,0,0
009,616,1,0,0,0
009,617,1,0,0,0
009,618,1,0,0,0
009,619,1,0,0,0
009,620,1,0,0,0
009,621,1,0,0,0
009,622,1,0,0,0
009,623,1,0,0,0
009,624,1,0,0,0
009,625,1,0,0,0
009,626,1,0,0,0
009,627,1,0,0,0
009,628,1,0,0,0
009,629,1,0,0,0
009,630,1,0,0,0
009,631,1,0,0,0
009,632,0,0,0,1
009,633,0,0,0,1
009,634,0,0,0,1
009,635,0,0,0,1
009,636,0,0,0,1
009,637,0,0,0,1
009,638,0,0,0,1
009,639,0,0,0,1
009,640,0,0,0,1
009,641,0,0,0,1
009,642,0,0,0,1
009,643,0,0,0,1
009,644,0,0,0,1
009,645,0,0,0,1
009,646,0,0,0,1
009,647,0,0,0,1
009,648,0,0,0,1
009,649,0,0,0,1
009,650,0,0,0,1
009,651,0,0,0,1
009,652,0,0,0,1
009,653,0,0,0,1
009,654,0,0,0,1
009,655,0,0,0,1
009,656,0,0,0,1
009,657,0,0,0,1
009,658,0,0,0,1
009,659,0,0,0,1
009,660,0,0,0,1
010,1,0,0,1,0
010,2,0,0,1,0
010,3,0,0,1,0
010,4,0,0,1,0
010,5,0,0,1,0
010,6,0,0,1,0
010,7,0,0,1,0
010,8,0,0,1,0
010,9,0,0,1,0
010,10,0,0,1,0
010,11,0,0,1,0
010,12,0,0,1,0
010,13,0,0,1,0
010,14,0,0,1,0
010,15,0,0,1,0
010,16,0,0,1,0
010,17,0,0,1,0
010,18,0,0,1,0
010,19,0,0,1,0
010,20,0,0,1,0
010,21,0,0,1,0
010,22,0,0,1,0
010,23,0,0,1,0
010,24,0,0,1,0
010,25,0,0,1,0
010,26,0,0,1,0
010,27,0,0,1,0
010,28,0,0,1,0
010,29,0,0,1,0
010,30,0,0,1,0
010,31,0,0,1,0
010,32,0,0,1,0
010,33,0,0,1,0
010,34,0,0,1,0
010,35,0,0,1,0
010,36,0,0,1,0
010,37,0,0,1,0
010,38,0,0,1,0
010,39,0,0,1,0
010,40,0,0,1,0
010,41,0,0,1,0
010,42,0,0,1,0
010,43,0,0,1,0
010,44,0,0,1,0
010,45,0,0,1,0
010,46,0,0,1,0
010,47,0,0,1,0
010,48,0,0,1,0
010,49,0,0,1,0
010,50,0,0,1,0
010,51,0,0,1,0
010,52,0,0,1,0
010,53,0,0,1,0
010,54,0,0,1,0
010,55,0,0,1,0
010,56,0,0,1,0
010,57,0,0,1,0
010,58,0,0,1,0
010,59,0,0,1,0
010,60,0,0,1,0
010,61,0,0,1,0
010,62,0,0,1,0
010,63,0,0,1,0
010,64,0,0,1,0
010,65,0,0,1,0
010,66,0,0,1,0
010,67,0,0,1,0
010,68,0,0,1,0
010,69,0,0,1,0
010,70,0,0,1,0
010,71,0,0,1,0
010,72,0,0,1,0
010,73,0,0,1,0
010,74,0,0,1,0
010,75,0,0,1,0
010,76,0,0,1,0
010,77,0,0,1,0
010,78,0,0,1,0
010,79,0,0,1,0
010,80,0,0,1,0
010,81,0,0,1,0
010,82,0,0,1,0
010,83,0,0,1,0
010,84,0,0,1,0
010,85,0,0,1,0
010,86,0,0,1,0
010,87,0,0,1,0
010,88,0,0,1,0
010,89,0,0,1,0
010,90,0,0,1,0
010,91,0,0,1,0
010,92,0,0,1,0
010,93,0,0,1,0
010,94,0,0,1,0
010,95,0,0,1,0
010,96,0,0,1,0
010,97,0,0,1,0
010,98,0,0,1,0
010,99,0,0,1,0
010,100,0,0,1,0
010,101,0,0,1,0
010,102,0,0,1,0
010,103,0,0,1,0
010,104,0,0,1,0
010,105,0,0,1,0
010,106,0,0,1,0
010,107,0,0,1,0
010,108,0,0,1,0
010,109,0,0,1,0
010,110,0,0,1,0
010,111,0,0,1,0
010,112,0,0,1,0
010,113,0,0,1,0
010,114,0,0,1,0
010,115,0,0,1,0
010,116,0,0,1,0
010,117,0,0,1,0
010,118,0,0,1,0
010,119,0,0,1,0
010,120,0,0,1,0
010,121,0,0,1,0
010,122,0,0,1,0
010,123,0,0,1,0
010,124,0,0,1,0
010,125,0,0,1,0
010,126,0,0,1,0
010,127,0,0,1,0
010,128,0,0,1,0
010,129,0,0,1,0
010,130,0,0,1,0
010,131,0,0,1,0
010,132,0,0,1,0
010,133,0,0,1,0
010,134,0,0,1,0
010,135,0,0,1,0
010,136,0,0,1,0
010,137,0,0,1,0
010,138,0,0,1,0
010,139,0,0,1,0
010,140,0,0,1,0
010,141,0,0,1,0
010,142,0,0,1,0
010,143,0,0,1,0
010,144,0,0,1,0
010,145,0,0,1,0
010,146,0,0,1,0
010,147,0,0,1,0
010,148,0,0,1,0
010,149,0,0,1,0
010,150,0,0,1,0
010,151,0,0,1,0
010,152,0,0,1,0
010,153,0,0,1,0
010,154,0,0,1,0
010,155,0,0,1,0
010,156,0,0,1,0
010,157,0,0,1,0
010,158,0,0,1,0
010,159,0,0,1,0
010,160,0,0,1,0
010,161,0,0,1,0
010,162,0,0,1,0
010,163,0,0,1,0
010,164,0,0,1,0
010,165,0,0,1,0
010,166,0,0,1,0
010,167,0,0,1,0
010,168,0,0,1,0
010,169,0,0,1,0
010,170,0,0,1,0
010,171,0,0,1,0
010,172,0,0,1,0
010,173,0,0,1,0
010,174,0,0,1,0
010,175,0,0,1,0
010,176,0,0,1,0
010,177,0,0,1,0
010,178,0,0,1,0
010,179,0,0,1,0
010,180,0,0,1,0
010,181,0,0,1,0
010,182,0,0,1,0
010,183,0,0,1,0
010,184,0,0,1,0
010,185,0,0,1,0
010,186,0,0,1,0
010,187,0,0,1,0
010,188,0,0,1,0
010,189,0,0,1,0
010,190,0,0,1,0
010,191,0,0,1,0
010,192,0,0,1,0
010,193,0,0,1,0
010,194,0,0,1,0
010,195,0,0,1,0
010,196,0,0,1,0
010,197,0,0,1,0
010,198,0,0,1,0
010,199,0,0,1,0
010,200,0,0,1,0
010,201,0,0,1,0
010,202,0,0,1,0
010,203,0,0,1,0
010,204,0,0,1,0
010,205,0,0,1,0
010,206,0,0,1,0
010,207,0,0,1,0
010,208,0,0,1,0
010,209,0,0,1,0
010,210,0,0,1,0
010,211,0,0,1,0
010,212,0,0,1,0
010,213,0,0,1,0
010,214,0,0,1,0
010,215,0,0,1,0
010,216,0,0,1,0
010,217,0,0,1,0
010,218,0,0,1,0
010,219,0,0,1,0
010,220,0,0,1,0
010,221,0,0,1,0
010,222,0,0,1,0
010,223,0,0,1,0
010,224,0,0,1,0
010,225,0,0,1,0
010,226,0,0,1,0
010,227,0,0,1,0
010,228,0,0,1,0
010,229,0,0,1,0
010,230,0,0,1,0
010,231,0,0,1,0
010,232,0,0,1,0
010,233,0,0,1,0
010,234,0,0,1,0
010,235,0,0,1,0
010,236,0,0,1,0
010,237,0,0,1,0
010,238,0,0,1,0
010,239,0,0,1,0
010,240,0,0,1,0
010,241,0,0,1,0
010,242,0,0,1,0
010,243,0,0,1,0
010,244,0,0,1,0
010,245,0,0,1,0
010,246,0,0,1,0
010,247,0,0,1,0
010,248,0,0,1,0
010,249,0,0,1,0
010,250,0,0,1,0
010,251,0,0,1,0
010,252,0,0,1,0
010,253,0,0,1,0
010,254,0,0,1,0
010,255,0,0,1,0
010,256,0,0,1,0
010,257,0,0,1,0
010,258,0,0,1,0
010,259,0,0,1,0
010,260,0,0,1,0
010,261,0,0,1,0
010,262,0,0,1,0
010,263,0,0,1,0
010,264,0,0,1,0
010,265,0,0,1,0
010,266,0,0,1,0
010,267,0,0,1,0
010,268,0,0,1,0
010,269,0,0,1,0
010,270,0,0,1,0
010,271,0,0,1,0
010,272,0,0,1,0
010,273,0,0,1,0
010,274,0,0,1,0
010,275,0,0,1,0
010,276,0,0,1,0
010,277,0,0,1,0
010,278,0,0,1,0
010,279,0,0,1,0
010,280,0,0,1,0
010,281,0,0,1,0
010,282,0,0,1,0
010,283,0,0,1,0
010,284,0,0,1,0
010,285,0,0,1,0
010,286,0,0,1,0
010,287,0,0,1,0
010,288,0,0,1,0
010,289,0,0,1,0
010,290,0,0,1,0
010,291,0,0,1,0
010,292,0,0,1,0
010,293,0,0,1,0
010,294,0,0,1,0
010,295,0,0,1,0
010,296,0,0,1,0
010,297,0,0,1,0
010,298,0,0,1,0
010,299,0,0,1,0
010,300,0,0,1,0
010,301,0,0,1,0
010,302,0,0,1,0
010,303,0,0,1,0
010,304,0,0,1,0
010,305,0,0,1,0
010,306,0,0,1,0
010,307,0,0,1,0
010,308,0,0,1,0
010,309,0,0,1,0
010,310,0,0,1,0
010,311,0,0,1,0
010,312,0,0,1,0
010,313,0,0,1,0
010,314,0,0,1,0
010,315,0,0,1,0
010,316,0,0,1,0
010,317,0,0,1,0
010,318,0,0,1,0
010,319,0,0,1,0
010,320,0,0,1,0
010,321,0,0,1,0
010,322,0,0,1,0
010,323,0,0,1,0
010,324,0,0,1,0
010,325,0,0,1,0
010,326,0,0,1,0
010,327,0,0,1,0
010,328,0,0,1,0
010,329,0,0,1,0
010,330,0,0,1,0
010,331,0,0,1,0
010,332,0,0,1,0
010,333,0,0,1,0
010,334,0,0,1,0
010,335,0,0,1,0
010,336,0,0,1,0
010,337,0,0,1,0
010,338,0,0,1,0
010,339,0,0,1,0
010,340,0,0,1,0
010,341,0,0,1,0
010,342,0,0,1,0
010,343,0,0,1,0
010,344,0,0,1,0
010,345,0,0,1,0
010,346,0,0,1,0
010,347,0,0,1,0
010,348,0,0,1,0
010,349,0,0,1,0
010,350,0,0,1,0
010,351,0,0,1,0
010,352,0,0,1,0
010,353,0,0,1,0
010,354,0,0,1,0
010,355,0,0,1,0
010,356,0,0,1,0
010,357,0,0,1,0
010,358,0,0,1,0
010,359,0,0,1,0
010,360,0,0,1,0
010,361,0,0,1,0
010,362,0,0,1,0
010,363,0,0,1,0
010,364,0,0,1,0
010,365,0,0,1,0
010,366,0,0,1,0
010,367,0,0,1,0
010,368,0,0,1,0
010,369,0,0,1,0
010,370,0,0,1,0
010,371,0,0,1,0
010,372,0,0,1,0
010,373,0,0,1,0
010,374,0,0,1,0
010,375,0,0,1,0
010,376,0,0,1,0
010,377,0,0,1,0
010,378,0,0,1,0
010,379,0,0,1,0
010,380,0,0,1,0
010,381,0,0,1,0
010,382,0,0,1,0
010,383,0,0,1,0
010,384,0,0,1,0
010,385,0,0,1,0
010,386,0,0,1,0
010,387,0,0,1,0
010,388,0,0,1,0
010,389,0,0,1,0
010,390,0,0,1,0
010,391,0,0,1,0
010,392,0,0,1,0
010,393,0,0,0,1
010,394,0,0,0,1
010,395,0,0,0,1
010,396,0,0,0,1
010,397,0,0,0,1
010,398,0,0,0,1
010,399,0,0,0,1
010,400,0,0,0,1
010,401,0,0,0,1
010,402,0,0,0,1
010,403,0,0,0,1
010,404,0,0,0,1
010,405,0,0,0,1
010,406,0,0,0,1
010,407,0,0,0,1
010,408,0,0,0,1
010,409,0,0,0,1
010,410,0,0,0,1
010,411,0,0,0,1
010,412,0,0,0,1
010,413,0,0,0,1
010,414,0,0,0,1
010,415,0,0,0,1
011,1,0,0,0,1
011,2,0,0,0,1
011,3,0,0,0,1
011,4,0,0,0,1
011,5,0,0,0,1
011,6,0,0,0,1
011,7,0,0,0,1
011,8,0,0,0,1
011,9,0,0,0,1
011,10,0,0,0,1
011,11,0,0,0,1
011,12,0,0,0,1
011,13,0,0,0,1
011,14,0,0,0,1
011,15,0,0,0,1
011,16,0,0,0,1
011,17,0,0,0,1
011,18,0,0,0,1
011,19,0,0,0,1
011,20,0,0,0,1
011,21,0,0,0,1
011,22,0,0,0,1
011,23,0,0,0,1
011,24,0,0,0,1
011,25,0,0,0,1
011,26,0,0,0,1
011,27,0,0,0,1
011,28,0,0,0,1
011,29,0,0,0,1
011,30,0,0,0,1
011,31,0,0,0,1
011,32,0,0,0,1
011,33,0,0,0,1
011,34,0,0,0,1
011,35,0,0,0,1
011,36,0,1,0,0
011,37,0,1,0,0
011,38,0,1,0,0
011,39,0,1,0,0
011,40,0,1,0,0
011,41,0,1,0,0
011,42,0,1,0,0
011,43,0,1,0,0
011,44,0,1,0,0
011,45,0,1,0,0
011,46,0,1,0,0
011,47,0,1,0,0
011,48,0,1,0,0
011,49,0,1,0,0
011,50,0,1,0,0
011,51,0,1,0,0
011,52,0,1,0,0
011,53,0,1,0,0
011,54,0,1,0,0
011,55,0,1,0,0
011,56,0,1,0,0
011,57,0,1,0,0
011,58,0,1,0,0
011,59,0,1,0,0
011,60,0,1,0,0
011,61,0,1,0,0
011,62,0,1,0,0
011,63,0,1,0,0
011,64,0,1,0,0
011,65,0,1,0,0
011,66,0,1,0,0
011,67,0,1,0,0
011,68,0,1,0,0
011,69,0,1,0,0
011,70,0,1,0,0
011,71,0,1,0,0
011,72,0,1,0,0
011,73,0,1,0,0
011,74,0,1,0,0
011,75,0,1,0,0
011,76,0,1,0,0
011,77,0,1,0,0
011,78,0,1,0,0
011,79,0,1,0,0
011,80,0,1,0,0
011,81,0,1,0,0
011,82,0,1,0,0
011,83,0,1,0,0
011,84,0,1,0,0
011,85,0,1,0,0
011,86,0,1,0,0
011,87,0,1,0,0
011,88,0,1,0,0
011,89,0,1,0,0
011,90,0,1,0,0
011,91,0,1,0,0
011,92,0,1,0,0
011,93,0,1,0,0
011,94,0,1,0,0
011,95,0,1,0,0
011,96,0,1,0,0
011,97,0,1,0,0
011,98,0,1,0,0
011,99,0,1,0,0
011,100,0,1,0,0
011,101,0,1,0,0
011,102,0,1,0,0
011,103,0,1,0,0
011,104,0,1,0,0
011,105,0,1,0,0
011,106,0,1,0,0
011,107,0,1,0,0
011,108,0,1,0,0
011,109,0,1,0,0
011,110,0,1,0,0
011,111,0,1,0,0
011,112,0,1,0,0
011,113,0,1,0,0
011,114,0,1,0,0
011,115,0,1,0,0
011,116,0,1,0,0
011,117,0,1,0,0
011,118,0,1,0,0
011,119,0,1,0,0
011,120,0,1,0,0
011,121,0,1,0,0
011,122,0,1,0,0
011,123,0,1,0,0
011,124,0,1,0,0
011,125,0,1,0,0
011,126,0,1,0,0
011,127,0,1,0,0
011,128,0,1,0,0
011,129,0,1,0,0
011,130,0,1,0,0
011,131,0,1,0,0
011,132,0,1,0,0
011,133,0,1,0,0
011,134,0,1,0,0
011,135,0,1,0,0
011,136,0,1,0,0
011,137,0,1,0,0
011,138,0,1,0,0
011,139,0,1,0,0
011,140,0,1,0,0
011,141,0,1,0,0
011,142,0,1,0,0
011,143,0,1,0,0
011,144,0,1,0,0
011,145,0,1,0,0
011,146,0,1,0,0
011,147,0,1,0,0
011,148,0,1,0,0
011,149,0,1,0,0
011,150,0,1,0,0
011,151,0,1,0,0
011,152,0,1,0,0
011,153,0,1,0,0
011,154,0,1,0,0
011,155,0,1,0,0
011,156,0,1,0,0
011,157,0,1,0,0
011,158,0,1,0,0
011,159,0,1,0,0
011,160,0,1,0,0
011,161,0,1,0,0
011,162,0,1,0,0
011,163,0,1,0,0
011,164,0,1,0,0
011,165,0,1,0,0
011,166,0,1,0,0
011,167,0,1,0,0
011,168,0,1,0,0
011,169,0,1,0,0
011,170,0,1,0,0
011,171,0,1,0,0
011,172,0,1,0,0
011,173,0,1,0,0
011,174,0,1,0,0
011,175,0,1,0,0
011,176,0,1,0,0
011,177,0,1,0,0
011,178,0,1,0,0
011,179,0,1,0,0
011,180,0,1,0,0
011,181,0,1,0,0
011,182,0,1,0,0
011,183,0,1,0,0
011,184,0,1,0,0
011,185,0,1,0,0
011,186,0,1,0,0
011,187,0,1,0,0
011,188,0,1,0,0
011,189,0,1,0,0
011,190,0,1,0,0
011,191,0,1,0,0
011,192,0,1,0,0
011,193,0,1,0,0
011,194,0,1,0,0
011,195,0,1,0,0
011,196,0,1,0,0
011,197,0,1,0,0
011,198,0,1,0,0
011,199,0,1,0,0
011,200,0,1,0,0
011,201,0,1,0,0
011,202,0,1,0,0
011,203,0,1,0,0
011,204,0,1,0,0
011,205,0,1,0,0
011,206,0,1,0,0
011,207,0,1,0,0
011,208,0,1,0,0
011,209,0,1,0,0
011,210,0,1,0,0
011,211,0,1,0,0
011,212,0,1,0,0
011,213,0,1,0,0
011,214,0,1,0,0
011,215,0,1,0,0
011,216,0,1,0,0
011,217,0,1,0,0
011,218,0,1,0,0
011,219,0,1,0,0
011,220,0,1,0,0
011,221,0,1,0,0
011,222,0,1,0,0
011,223,0,1,0,0
011,224,0,1,0,0
011,225,0,1,0,0
011,226,0,1,0,0
011,227,0,1,0,0
011,228,0,1,0,0
011,229,0,1,0,0
011,230,0,1,0,0
011,231,0,1,0,0
011,232,0,1,0,0
011,233,0,1,0,0
011,234,0,1,0,0
011,235,0,1,0,0
011,236,0,1,0,0
011,237,0,1,0,0
011,238,0,1,0,0
011,239,0,1,0,0
011,240,0,1,0,0
011,241,0,1,0,0
011,242,0,1,0,0
011,243,0,1,0,0
011,244,0,1,0,0
011,245,0,1,0,0
011,246,0,1,0,0
011,247,0,1,0,0
011,248,0,1,0,0
011,249,0,1,0,0
011,250,0,1,0,0
011,251,0,1,0,0
011,252,0,1,0,0
011,253,0,1,0,0
011,254,0,1,0,0
011,255,0,1,0,0
011,256,0,1,0,0
011,257,0,1,0,0
011,258,0,1,0,0
011,259,0,1,0,0
011,260,0,1,0,0
011,261,0,1,0,0
011,262,0,1,0,0
011,263,0,1,0,0
011,264,0,1,0,0
011,265,0,1,0,0
011,266,0,1,0,0
011,267,0,1,0,0
011,268,0,1,0,0
011,269,0,1,0,0
011,270,0,1,0,0
011,271,0,1,0,0
011,272,0,1,0,0
011,273,0,1,0,0
011,274,0,1,0,0
011,275,0,1,0,0
011,276,0,1,0,0
011,277,0,1,0,0
011,278,0,1,0,0
011,279,0,1,0,0
011,280,0,1,0,0
011,281,0,1,0,0
011,282,0,1,0,0
011,283,0,1,0,0
011,284,0,1,0,0
011,285,0,1,0,0
011,286,0,1,0,0
011,287,0,1,0,0
011,288,0,1,0,0
011,289,0,1,0,0
011,290,0,1,0,0
011,291,0,1,0,0
011,292,0,1,0,0
011,293,0,1,0,0
011,294,0,1,0,0
011,295,0,1,0,0
011,296,0,1,0,0
011,297,0,1,0,0
011,298,0,1,0,0
011,299,0,1,0,0
011,300,0,1,0,0
011,301,0,1,0,0
011,302,0,1,0,0
011,303,0,1,0,0
011,304,0,1,0,0
011,305,0,1,0,0
011,306,0,1,0,0
011,307,0,1,0,0
011,308,0,1,0,0
011,309,0,1,0,0
011,310,0,1,0,0
011,311,0,1,0,0
011,312,0,1,0,0
011,313,0,1,0,0
011,314,0,1,0,0
011,315,0,1,0,0
011,316,0,1,0,0
011,317,0,1,0,0
011,318,0,1,0,0
011,319,0,1,0,0
011,320,0,1,0,0
011,321,0,1,0,0
011,322,0,1,0,0
011,323,0,1,0,0
011,324,0,1,0,0
011,325,0,1,0,0
011,326,0,1,0,0
011,327,0,1,0,0
011,328,0,1,0,0
011,329,0,1,0,0
011,330,0,1,0,0
011,331,0,1,0,0
011,332,0,1,0,0
011,333,0,1,0,0
011,334,0,1,0,0
011,335,0,1,0,0
011,336,0,1,0,0
011,337,0,1,0,0
011,338,0,1,0,0
011,339,0,1,0,0
011,340,0,1,0,0
011,341,0,1,0,0
011,342,0,1,0,0
011,343,0,1,0,0
011,344,0,1,0,0
011,345,0,1,0,0
011,346,0,1,0,0
011,347,0,1,0,0
011,348,0,1,0,0
011,349,0,1,0,0
011,350,0,1,0,0
011,351,0,1,0,0
011,352,0,1,0,0
011,353,0,1,0,0
011,354,0,1,0,0
011,355,0,1,0,0
011,356,0,1,0,0
011,357,0,1,0,0
011,358,0,1,0,0
011,359,0,1,0,0
011,360,0,1,0,0
011,361,0,1,0,0
011,362,0,1,0,0
011,363,0,1,0,0
011,364,0,1,0,0
011,365,0,1,0,0
011,366,0,1,0,0
011,367,0,1,0,0
011,368,0,1,0,0
011,369,0,1,0,0
011,370,0,1,0,0
011,371,0,1,0,0
011,372,0,1,0,0
011,373,0,1,0,0
011,374,0,1,0,0
011,375,0,1,0,0
011,376,0,1,0,0
011,377,0,1,0,0
011,378,0,1,0,0
011,379,0,1,0,0
011,380,0,1,0,0
011,381,0,1,0,0
011,382,0,1,0,0
011,383,0,1,0,0
011,384,0,1,0,0
011,385,0,1,0,0
011,386,0,1,0,0
011,387,0,1,0,0
011,388,0,1,0,0
011,389,0,1,0,0
011,390,0,1,0,0
011,391,0,1,0,0
011,392,0,1,0,0
011,393,0,1,0,0
011,394,0,1,0,0
011,395,0,1,0,0
011,396,0,1,0,0
011,397,0,1,0,0
011,398,0,1,0,0
011,399,0,1,0,0
011,400,0,1,0,0
011,401,0,1,0,0
011,402,0,1,0,0
011,403,0,1,0,0
011,404,0,1,0,0
011,405,0,1,0,0
011,406,0,1,0,0
011,407,0,1,0,0
011,408,0,1,0,0
011,409,0,1,0,0
011,410,0,1,0,0
011,411,0,1,0,0
011,412,0,1,0,0
011,413,0,1,0,0
011,414,0,1,0,0
011,415,0,1,0,0
011,416,0,1,0,0
011,417,0,1,0,0
011,418,0,1,0,0
011,419,0,1,0,0
011,420,0,1,0,0
011,421,0,1,0,0
011,422,0,1,0,0
011,423,0,1,0,0
011,424,0,1,0,0
011,425,0,1,0,0
011,426,0,1,0,0
011,427,0,1,0,0
011,428,0,1,0,0
011,429,0,1,0,0
011,430,0,1,0,0
011,431,0,1,0,0
011,432,0,1,0,0
011,433,0,1,0,0
011,434,0,1,0,0
011,435,0,1,0,0
011,436,0,1,0,0
011,437,0,1,0,0
011,438,0,1,0,0
011,439,0,1,0,0
011,440,0,1,0,0
011,441,0,1,0,0
011,442,0,1,0,0
011,443,0,1,0,0
011,444,0,1,0,0
011,445,0,1,0,0
011,446,0,1,0,0
011,447,0,1,0,0
011,448,0,1,0,0
011,449,0,1,0,0
011,450,0,1,0,0
011,451,0,1,0,0
011,452,0,1,0,0
011,453,0,1,0,0
011,454,0,1,0,0
011,455,0,1,0,0
011,456,0,1,0,0
011,457,0,1,0,0
011,458,0,1,0,0
011,459,0,1,0,0
011,460,0,1,0,0
011,461,0,0,0,1
011,462,0,0,0,1
011,463,0,0,0,1
011,464,0,0,0,1
011,465,0,0,0,1
011,466,0,0,0,1
011,467,0,0,0,1
011,468,0,0,0,1
011,469,0,0,0,1
011,470,0,0,0,1
011,471,0,0,0,1
011,472,0,0,0,1
011,473,0,0,0,1
011,474,0,0,0,1
011,475,0,0,0,1
011,476,0,0,0,1
011,477,0,0,0,1
011,478,0,0,0,1
011,479,0,0,0,1
011,480,0,0,0,1
011,481,0,0,0,1
011,482,0,0,0,1
011,483,0,0,0,1
011,484,0,0,0,1
011,485,0,0,0,1
011,486,0,0,0,1
011,487,0,0,0,1
011,488,0,0,0,1
011,489,0,0,0,1
011,490,0,0,0,1
011,491,0,0,0,1
011,492,0,0,0,1
011,493,0,0,0,1
012,1,0,1,0,0
012,2,0,1,0,0
012,3,0,1,0,0
012,4,0,1,0,0
012,5,0,1,0,0
012,6,0,1,0,0
012,7,0,1,0,0
012,8,0,1,0,0
012,9,0,1,0,0
012,10,0,1,0,0
012,11,0,1,0,0
012,12,0,1,0,0
012,13,0,1,0,0
012,14,0,1,0,0
012,15,0,1,0,0
012,16,0,1,0,0
012,17,0,1,0,0
012,18,0,1,0,0
012,19,0,1,0,0
012,20,0,1,0,0
012,21,0,1,0,0
012,22,0,1,0,0
012,23,0,1,0,0
012,24,0,1,0,0
012,25,0,1,0,0
012,26,0,1,0,0
012,27,0,1,0,0
012,28,0,1,0,0
012,29,0,1,0,0
012,30,0,1,0,0
012,31,0,1,0,0
012,32,0,1,0,0
012,33,0,1,0,0
012,34,0,1,0,0
012,35,0,1,0,0
012,36,0,1,0,0
012,37,0,1,0,0
012,38,0,1,0,0
012,39,0,1,0,0
012,40,0,1,0,0
012,41,0,1,0,0
012,42,0,1,0,0
012,43,0,1,0,0
012,44,0,1,0,0
012,45,0,1,0,0
012,46,0,1,0,0
012,47,0,1,0,0
012,48,0,1,0,0
012,49,0,1,0,0
012,50,0,1,0,0
012,51,0,1,0,0
012,52,0,1,0,0
012,53,0,1,0,0
012,54,0,1,0,0
012,55,0,1,0,0
012,56,0,1,0,0
012,57,0,1,0,0
012,58,0,1,0,0
012,59,0,1,0,0
012,60,0,1,0,0
012,61,0,1,0,0
012,62,0,1,0,0
012,63,0,1,0,0
012,64,0,1,0,0
012,65,0,1,0,0
012,66,0,1,0,0
012,67,0,1,0,0
012,68,0,1,0,0
012,69,0,1,0,0
012,70,0,1,0,0
012,71,0,1,0,0
012,72,0,1,0,0
012,73,0,1,0,0
012,74,0,1,0,0
012,75,0,1,0,0
012,76,0,1,0,0
012,77,0,1,0,0
012,78,0,1,0,0
012,79,0,1,0,0
012,80,0,1,0,0
012,81,0,1,0,0
012,82,0,1,0,0
012,83,0,1,0,0
012,84,0,1,0,0
012,85,0,1,0,0
012,86,0,1,0,0
012,87,0,1,0,0
012,88,0,1,0,0
012,89,0,1,0,0
012,90,0,1,0,0
012,91,0,1,0,0
012,92,0,1,0,0
012,93,0,1,0,0
012,94,0,1,0,0
012,95,0,1,0,0
012,96,0,1,0,0
012,97,0,1,0,0
012,98,0,1,0,0
012,99,0,1,0,0
012,100,0,1,0,0
012,101,0,1,0,0
012,102,0,1,0,0
012,103,0,1,0,0
012,104,0,1,0,0
012,105,0,1,0,0
012,106,0,1,0,0
012,107,0,1,0,0
012,108,0,1,0,0
012,109,0,1,0,0
012,110,0,1,0,0
012,111,0,1,0,0
012,112,0,1,0,0
012,113,0,1,0,0
012,114,0,1,0,0
012,115,0,1,0,0
012,116,0,1,0,0
012,117,0,1,0,0
012,118,0,1,0,0
012,119,0,1,0,0
012,120,0,1,0,0
012,121,0,1,0,0
012,122,0,1,0,0
012,123,0,1,0,0
012,124,0,1,0,0
012,125,0,1,0,0
012,126,0,1,0,0
012,127,0,1,0,0
012,128,0,1,0,0
012,129,0,1,0,0
012,130,0,1,0,0
012,131,0,1,0,0
012,132,0,1,0,0
012,133,0,1,0,0
012,134,0,1,0,0
012,135,0,1,0,0
012,136,0,1,0,0
012,137,0,1,0,0
012,138,0,1,0,0
012,139,0,1,0,0
012,140,0,1,0,0
012,141,0,1,0,0
012,142,0,1,0,0
012,143,0,1,0,0
012,144,0,1,0,0
012,145,0,1,0,0
012,146,0,1,0,0
012,147,0,1,0,0
012,148,0,1,0,0
012,149,0,1,0,0
012,150,0,1,0,0
012,151,0,1,0,0
012,152,0,1,0,0
012,153,0,1,0,0
012,154,0,1,0,0
012,155,0,1,0,0
012,156,0,1,0,0
012,157,0,1,0,0
012,158,0,1,0,0
012,159,0,1,0,0
012,160,0,1,0,0
012,161,0,1,0,0
012,162,0,1,0,0
012,163,0,1,0,0
012,164,0,1,0,0
012,165,0,1,0,0
012,166,0,1,0,0
012,167,0,1,0,0
012,168,0,1,0,0
012,169,0,1,0,0
012,170,0,1,0,0
012,171,0,1,0,0
012,172,0,1,0,0
012,173,0,1,0,0
012,174,0,1,0,0
012,175,0,1,0,0
012,176,0,1,0,0
012,177,0,1,0,0
012,178,0,1,0,0
012,179,0,1,0,0
012,180,0,1,0,0
012,181,0,1,0,0
012,182,0,1,0,0
012,183,0,1,0,0
012,184,0,1,0,0
012,185,0,1,0,0
012,186,0,1,0,0
012,187,0,1,0,0
012,188,0,1,0,0
012,189,0,1,0,0
012,190,0,1,0,0
012,191,0,1,0,0
012,192,0,1,0,0
012,193,0,1,0,0
012,194,0,1,0,0
012,195,0,1,0,0
012,196,0,1,0,0
012,197,0,1,0,0
012,198,0,1,0,0
012,199,0,1,0,0
012,200,0,1,0,0
012,201,0,1,0,0
012,202,0,1,0,0
012,203,0,1,0,0
012,204,0,1,0,0
012,205,0,1,0,0
012,206,0,1,0,0
012,207,0,1,0,0
012,208,0,1,0,0
012,209,0,1,0,0
012,210,0,1,0,0
012,211,0,1,0,0
012,212,0,1,0,0
012,213,0,1,0,0
012,214,0,1,0,0
012,215,0,1,0,0
012,216,0,1,0,0
012,217,0,1,0,0
012,218,0,1,0,0
012,219,0,1,0,0
012,220,0,1,0,0
012,221,0,1,0,0
012,222,0,1,0,0
012,223,0,1,0,0
012,224,0,1,0,0
012,225,0,1,0,0
012,226,0,1,0,0
012,227,0,1,0,0
012,228,0,1,0,0
012,229,0,1,0,0
012,230,0,1,0,0
012,231,0,1,0,0
012,232,0,1,0,0
012,233,0,1,0,0
012,234,0,1,0,0
012,235,0,1,0,0
012,236,0,1,0,0
012,237,0,1,0,0
012,238,0,1,0,0
012,239,0,1,0,0
012,240,0,1,0,0
012,241,0,1,0,0
012,242,0,1,0,0
012,243,0,1,0,0
012,244,0,1,0,0
012,245,0,1,0,0
012,246,0,1,0,0
012,247,0,1,0,0
012,248,0,1,0,0
012,249,0,1,0,0
012,250,0,1,0,0
012,251,0,1,0,0
012,252,0,1,0,0
012,253,0,1,0,0
012,254,0,1,0,0
012,255,0,1,0,0
012,256,0,1,0,0
012,257,0,1,0,0
012,258,0,1,0,0
012,259,0,1,0,0
012,260,0,1,0,0
012,261,0,1,0,0
012,262,0,1,0,0
012,263,0,1,0,0
012,264,0,1,0,0
012,265,0,1,0,0
012,266,0,1,0,0
012,267,0,1,0,0
012,268,0,1,0,0
012,269,0,1,0,0
012,270,0,1,0,0
012,271,0,1,0,0
012,272,0,1,0,0
012,273,0,1,0,0
012,274,0,1,0,0
012,275,0,1,0,0
012,276,0,1,0,0
012,277,0,1,0,0
012,278,0,1,0,0
012,279,0,1,0,0
012,280,0,1,0,0
012,281,0,1,0,0
012,282,0,1,0,0
012,283,0,1,0,0
012,284,0,1,0,0
012,285,0,1,0,0
012,286,0,1,0,0
012,287,0,1,0,0
012,288,0,1,0,0
012,289,0,1,0,0
012,290,0,1,0,0
012,291,0,1,0,0
012,292,0,1,0,0
012,293,0,1,0,0
012,294,0,1,0,0
012,295,0,1,0,0
012,296,0,1,0,0
012,297,0,1,0,0
012,298,0,1,0,0
012,299,0,1,0,0
012,300,0,1,0,0
012,301,0,1,0,0
012,302,0,1,0,0
012,303,0,1,0,0
012,304,0,1,0,0
012,305,0,1,0,0
012,306,0,1,0,0
012,307,0,1,0,0
012,308,0,1,0,0
012,309,0,1,0,0
012,310,0,1,0,0
012,311,0,1,0,0
012,312,0,1,0,0
012,313,0,1,0,0
012,314,0,1,0,0
012,315,0,1,0,0
012,316,0,1,0,0
012,317,0,1,0,0
012,318,0,1,0,0
012,319,0,1,0,0
012,320,0,1,0,0
012,321,0,1,0,0
012,322,0,1,0,0
012,323,0,1,0,0
012,324,0,1,0,0
012,325,0,1,0,0
012,326,0,1,0,0
012,327,0,1,0,0
012,328,0,1,0,0
012,329,0,1,0,0
012,330,0,1,0,0
012,331,0,1,0,0
012,332,0,1,0,0
012,333,0,1,0,0
012,334,0,1,0,0
012,335,0,1,0,0
012,336,0,1,0,0
012,337,0,1,0,0
012,338,0,1,0,0
012,339,0,1,0,0
012,340,0,1,0,0
012,341,0,1,0,0
012,342,0,1,0,0
012,343,0,1,0,0
012,344,0,1,0,0
012,345,0,1,0,0
012,346,0,1,0,0
012,347,0,1,0,0
012,348,0,1,0,0
012,349,0,1,0,0
012,350,0,1,0,0
012,351,0,1,0,0
012,352,0,1,0,0
012,353,0,1,0,0
012,354,0,1,0,0
012,355,0,1,0,0
012,356,0,1,0,0
012,357,0,1,0,0
012,358,0,1,0,0
012,359,0,1,0,0
012,360,0,1,0,0
012,361,0,1,0,0
012,362,0,1,0,0
012,363,0,1,0,0
012,364,0,1,0,0
012,365,0,1,0,0
012,366,0,1,0,0
012,367,0,1,0,0
012,368,0,1,0,0
012,369,0,1,0,0
012,370,0,1,0,0
012,371,0,1,0,0
012,372,0,1,0,0
012,373,0,0,0,1
012,374,0,0,0,1
012,375,0,0,0,1
012,376,0,0,0,1
012,377,0,0,0,1
012,378,0,0,0,1
012,379,0,0,0,1
012,380,0,0,0,1
012,381,0,0,0,1
012,382,0,0,0,1
012,383,0,0,0,1
012,384,0,0,0,1
012,385,0,0,0,1
012,386,0,0,0,1
012,387,0,0,0,1
012,388,0,0,0,1
012,389,0,0,0,1
013,1,0,0,0,1
013,2,0,0,0,1
013,3,0,0,0,1
013,4,0,0,0,1
013,5,0,0,0,1
013,6,0,0,0,1
013,7,0,0,0,1
013,8,0,0,0,1
013,9,0,0,0,1
013,10,0,0,0,1
013,11,0,0,0,1
013,12,0,0,0,1
013,13,0,0,0,1
013,14,0,0,0,1
013,15,0,0,0,1
013,16,0,0,0,1
013,17,0,0,0,1
013,18,0,0,0,1
013,19,0,0,0,1
013,20,0,0,0,1
013,21,0,0,0,1
013,22,0,0,0,1
013,23,0,0,0,1
013,24,0,0,0,1
013,25,0,0,0,1
013,26,0,0,0,1
013,27,0,0,0,1
013,28,0,0,0,1
013,29,0,0,0,1
013,30,0,0,0,1
013,31,0,0,0,1
013,32,0,0,0,1
013,33,0,0,0,1
013,34,0,0,0,1
013,35,0,0,0,1
013,36,0,0,0,1
013,37,0,0,0,1
013,38,0,0,0,1
013,39,0,0,0,1
013,40,0,0,0,1
013,41,0,0,0,1
013,42,0,0,0,1
013,43,0,0,0,1
013,44,0,0,0,1
013,45,0,0,0,1
013,46,0,0,0,1
013,47,0,0,0,1
013,48,0,0,0,1
013,49,0,0,0,1
013,50,0,0,0,1
013,51,0,0,0,1
013,52,0,0,0,1
013,53,0,0,0,1
013,54,0,0,0,1
013,55,0,0,0,1
013,56,0,0,0,1
013,57,0,0,0,1
013,58,0,0,0,1
013,59,0,0,0,1
013,60,0,0,0,1
013,61,0,0,0,1
013,62,0,0,0,1
013,63,0,0,0,1
013,64,0,0,0,1
013,65,0,0,0,1
013,66,0,0,0,1
013,67,0,0,0,1
013,68,0,0,0,1
013,69,0,0,0,1
013,70,0,0,0,1
013,71,0,0,0,1
013,72,0,0,0,1
013,73,0,0,0,1
013,74,0,0,0,1
013,75,0,0,0,1
013,76,0,0,0,1
013,77,0,0,0,1
013,78,0,0,0,1
013,79,0,0,0,1
013,80,0,0,0,1
013,81,0,0,0,1
013,82,0,0,0,1
013,83,0,0,0,1
013,84,0,0,0,1
013,85,0,0,0,1
013,86,0,0,0,1
013,87,0,0,0,1
013,88,0,0,0,1
013,89,0,0,0,1
013,90,0,0,0,1
013,91,0,0,0,1
013,92,0,0,0,1
013,93,0,0,0,1
013,94,0,0,0,1
013,95,0,0,0,1
013,96,0,0,0,1
013,97,0,0,0,1
013,98,0,0,0,1
013,99,0,0,0,1
013,100,0,0,0,1
013,101,0,0,0,1
013,102,0,0,0,1
013,103,0,0,0,1
013,104,0,0,0,1
013,105,0,0,0,1
013,106,0,0,0,1
013,107,0,0,0,1
013,108,0,0,0,1
013,109,0,0,0,1
013,110,0,0,0,1
013,111,0,0,0,1
013,112,0,0,0,1
013,113,0,0,0,1
013,114,0,0,0,1
013,115,0,0,0,1
013,116,0,0,0,1
013,117,0,0,0,1
013,118,0,0,0,1
013,119,0,0,0,1
013,120,0,0,0,1
013,121,0,0,0,1
013,122,0,0,0,1
013,123,0,0,0,1
013,124,0,0,0,1
013,125,0,0,0,1
013,126,0,0,0,1
013,127,0,0,0,1
013,128,0,0,0,1
013,129,0,0,0,1
013,130,0,0,0,1
013,131,0,0,0,1
013,132,0,0,0,1
013,133,0,0,0,1
013,134,0,0,0,1
013,135,0,0,0,1
013,136,0,0,0,1
013,137,0,0,0,1
013,138,0,0,0,1
013,139,0,0,0,1
013,140,0,0,0,1
013,141,0,0,0,1
013,142,0,0,0,1
013,143,0,0,0,1
013,144,0,0,0,1
013,145,0,0,0,1
013,146,0,0,0,1
013,147,0,0,0,1
013,148,0,0,0,1
013,149,0,0,0,1
013,150,0,0,0,1
013,151,0,0,0,1
013,152,0,0,0,1
013,153,0,0,0,1
013,154,0,0,0,1
013,155,0,0,0,1
013,156,0,0,0,1
013,157,0,0,0,1
013,158,0,0,0,1
013,159,0,0,0,1
013,160,0,0,0,1
013,161,0,0,0,1
013,162,0,0,0,1
013,163,0,0,0,1
013,164,0,0,0,1
013,165,0,0,0,1
013,166,0,0,0,1
013,167,0,0,0,1
013,168,0,0,0,1
013,169,0,0,0,1
013,170,0,0,0,1
013,171,0,0,0,1
013,172,0,0,0,1
013,173,0,0,0,1
013,174,0,0,0,1
013,175,0,0,0,1
013,176,0,0,0,1
013,177,0,0,0,1
013,178,0,0,0,1
013,179,0,0,0,1
013,180,0,0,0,1
013,181,0,0,0,1
013,182,0,0,0,1
013,183,0,0,0,1
013,184,0,0,0,1
013,185,0,0,0,1
013,186,0,0,0,1
013,187,0,0,0,1
013,188,0,0,0,1
013,189,0,0,0,1
013,190,0,0,0,1
013,191,0,0,0,1
013,192,0,0,0,1
013,193,0,0,0,1
013,194,0,0,0,1
013,195,0,0,0,1
013,196,0,0,0,1
013,197,0,0,0,1
013,198,0,0,0,1
013,199,0,0,0,1
013,200,0,0,0,1
013,201,0,0,0,1
013,202,0,0,0,1
013,203,0,0,0,1
013,204,0,0,0,1
013,205,0,0,0,1
013,206,0,0,0,1
013,207,0,0,0,1
013,208,0,0,0,1
013,209,0,0,0,1
013,210,0,0,0,1
013,211,0,0,0,1
013,212,0,0,0,1
013,213,0,0,0,1
013,214,0,0,0,1
013,215,0,0,0,1
013,216,0,0,0,1
013,217,0,0,0,1
013,218,0,0,0,1
013,219,0,0,0,1
013,220,0,0,0,1
013,221,0,0,0,1
013,222,0,0,0,1
013,223,0,0,0,1
013,224,0,0,0,1
013,225,0,0,0,1
013,226,0,0,0,1
013,227,0,0,0,1
013,228,0,0,0,1
013,229,0,0,0,1
013,230,0,0,0,1
013,231,0,0,0,1
013,232,0,0,0,1
013,233,0,0,0,1
013,234,0,0,0,1
013,235,0,0,0,1
013,236,0,0,0,1
013,237,0,0,0,1
013,238,0,0,0,1
013,239,0,0,0,1
013,240,0,0,0,1
013,241,0,0,0,1
013,242,0,0,0,1
013,243,0,0,0,1
013,244,0,0,0,1
013,245,0,0,0,1
013,246,0,0,0,1
013,247,0,0,0,1
013,248,0,0,0,1
013,249,0,0,0,1
013,250,0,0,0,1
013,251,0,0,0,1
013,252,0,0,0,1
013,253,0,0,0,1
013,254,0,0,0,1
013,255,0,0,0,1
013,256,0,0,0,1
013,257,0,0,0,1
013,258,0,0,0,1
013,259,0,0,0,1
013,260,0,0,0,1
013,261,0,0,0,1
013,262,0,0,0,1
013,263,0,0,0,1
013,264,0,0,0,1
013,265,0,0,0,1
013,266,0,0,0,1
013,267,0,0,0,1
013,268,0,0,0,1
013,269,0,0,0,1
013,270,0,0,0,1
013,271,0,0,0,1
013,272,0,0,0,1
013,273,0,0,0,1
013,274,0,0,0,1
013,275,0,0,0,1
013,276,0,0,0,1
013,277,0,0,0,1
013,278,0,0,0,1
013,279,0,0,0,1
013,280,0,0,0,1
013,281,0,0,0,1
013,282,0,0,0,1
013,283,0,0,0,1
013,284,0,0,0,1
013,285,0,0,0,1
013,286,0,0,0,1
013,287,0,0,0,1
013,288,0,0,0,1
013,289,0,0,0,1
013,290,0,0,0,1
013,291,0,0,0,1
013,292,0,0,0,1
013,293,0,0,0,1
013,294,0,0,0,1
013,295,0,0,1,0
013,296,0,0,1,0
013,297,0,0,1,0
013,298,0,0,1,0
013,299,0,0,1,0
013,300,0,0,1,0
013,301,0,0,1,0
013,302,0,0,1,0
013,303,0,0,1,0
013,304,0,0,1,0
013,305,0,0,1,0
013,306,0,0,1,0
013,307,0,0,1,0
013,308,0,0,1,0
013,309,0,0,1,0
013,310,0,0,1,0
013,311,0,0,1,0
013,312,0,0,1,0
013,313,0,0,1,0
013,314,0,0,1,0
013,315,0,0,1,0
013,316,0,0,1,0
013,317,0,0,1,0
013,318,0,0,1,0
013,319,0,0,1,0
013,320,0,0,1,0
013,321,0,0,1,0
013,322,0,0,1,0
013,323,0,0,1,0
013,324,0,0,1,0
013,325,0,0,1,0
013,326,0,0,1,0
013,327,0,0,1,0
013,328,0,0,1,0
013,329,0,0,1,0
013,330,0,0,1,0
013,331,0,0,1,0
013,332,0,0,1,0
013,333,0,0,1,0
013,334,0,0,1,0
013,335,0,0,1,0
013,336,0,0,1,0
013,337,0,0,1,0
013,338,0,0,1,0
013,339,0,0,1,0
013,340,0,0,1,0
013,341,0,0,1,0
013,342,0,0,1,0
013,343,0,0,1,0
013,344,0,0,1,0
013,345,0,0,1,0
013,346,0,0,1,0
013,347,0,0,1,0
013,348,0,0,1,0
013,349,0,0,1,0
013,350,0,0,1,0
013,351,0,0,1,0
013,352,0,0,1,0
013,353,0,0,1,0
013,354,0,0,1,0
013,355,0,0,1,0
013,356,0,0,1,0
013,357,0,0,1,0
013,358,0,0,1,0
013,359,0,0,1,0
013,360,0,0,1,0
013,361,0,0,1,0
013,362,0,0,1,0
013,363,0,0,1,0
013,364,0,0,1,0
013,365,0,0,1,0
013,366,0,0,1,0
013,367,0,0,1,0
013,368,0,0,1,0
013,369,0,0,1,0
013,370,0,0,1,0
013,371,0,0,1,0
013,372,0,0,1,0
013,373,0,0,1,0
013,374,0,0,1,0
013,375,0,0,1,0
013,376,0,0,1,0
013,377,0,0,1,0
013,378,0,0,1,0
013,379,0,0,1,0
013,380,0,0,1,0
013,381,0,0,1,0
013,382,0,0,1,0
013,383,0,0,1,0
013,384,0,0,1,0
013,385,0,0,1,0
013,386,0,0,1,0
013,387,0,0,1,0
013,388,0,0,1,0
013,389,0,0,1,0
013,390,0,0,1,0
013,391,0,0,1,0
013,392,0,0,1,0
013,393,0,0,1,0
013,394,0,0,1,0
013,395,0,0,1,0
013,396,0,0,1,0
013,397,0,0,1,0
013,398,0,0,1,0
013,399,0,0,1,0
013,400,0,0,1,0
013,401,0,0,1,0
013,402,0,0,1,0
013,403,0,0,1,0
013,404,0,0,1,0
013,405,0,0,1,0
013,406,0,0,1,0
013,407,0,0,1,0
013,408,0,0,1,0
013,409,0,0,1,0
013,410,0,0,1,0
013,411,0,0,1,0
013,412,0,0,1,0
013,413,0,0,1,0
013,414,0,0,1,0
013,415,0,0,1,0
013,416,0,0,1,0
013,417,0,0,1,0
013,418,0,0,1,0
013,419,0,0,1,0
013,420,0,0,1,0
013,421,0,0,1,0
013,422,0,0,1,0
013,423,0,0,1,0
013,424,0,0,1,0
013,425,0,0,1,0
013,426,0,0,1,0
013,427,0,0,1,0
013,428,0,0,1,0
013,429,0,0,1,0
013,430,0,0,1,0
013,431,0,0,1,0
013,432,0,0,1,0
013,433,0,0,1,0
013,434,0,0,1,0
013,435,0,0,1,0
013,436,0,0,1,0
013,437,0,0,1,0
013,438,0,0,1,0
013,439,0,0,1,0
013,440,0,0,1,0
013,441,0,0,1,0
013,442,0,0,1,0
013,443,0,0,1,0
013,444,0,0,1,0
013,445,0,0,1,0
013,446,0,0,1,0
013,447,0,0,1,0
013,448,0,0,1,0
013,449,0,0,1,0
013,450,0,0,1,0
013,451,0,0,1,0
013,452,0,0,1,0
013,453,0,0,1,0
013,454,0,0,1,0
013,455,0,0,1,0
013,456,0,0,1,0
013,457,0,0,1,0
013,458,0,0,1,0
013,459,0,0,1,0
013,460,0,0,1,0
013,461,0,0,1,0
013,462,0,0,1,0
013,463,0,0,1,0
013,464,0,0,1,0
013,465,0,0,1,0
013,466,0,0,1,0
013,467,0,0,1,0
013,468,0,0,1,0
013,469,0,0,1,0
013,470,0,0,1,0
013,471,0,0,1,0
013,472,0,0,1,0
013,473,0,0,1,0
013,474,0,0,1,0
013,475,0,0,1,0
013,476,0,0,1,0
013,477,0,0,1,0
013,478,0,0,1,0
013,479,0,0,1,0
013,480,0,0,1,0
013,481,0,0,1,0
013,482,0,0,1,0
013,483,0,0,1,0
013,484,0,0,1,0
013,485,0,0,1,0
013,486,0,0,1,0
013,487,0,0,1,0
013,488,0,0,1,0
013,489,0,0,1,0
013,490,0,0,1,0
013,491,0,0,1,0
013,492,0,0,1,0
013,493,0,0,1,0
013,494,0,0,1,0
013,495,0,0,1,0
013,496,0,0,1,0
013,497,0,0,1,0
013,498,0,0,1,0
013,499,0,0,1,0
013,500,0,0,1,0
013,501,0,0,1,0
013,502,0,0,1,0
013,503,0,0,1,0
013,504,0,0,1,0
013,505,0,0,1,0
013,506,0,0,1,0
013,507,0,0,1,0
013,508,0,0,1,0
013,509,0,0,1,0
013,510,0,0,1,0
013,511,0,0,1,0
013,512,0,0,1,0
013,513,0,0,1,0
013,514,0,0,1,0
013,515,0,0,1,0
013,516,0,0,1,0
013,517,0,0,1,0
013,518,0,0,1,0
013,519,0,0,1,0
013,520,0,0,1,0
013,521,0,0,1,0
013,522,0,0,1,0
013,523,0,0,1,0
013,524,0,0,1,0
013,525,0,0,1,0
013,526,0,0,1,0
013,527,0,0,1,0
013,528,0,0,1,0
013,529,0,0,1,0
013,530,0,0,1,0
013,531,0,0,1,0
013,532,0,0,1,0
013,533,0,0,1,0
013,534,0,0,1,0
013,535,0,0,1,0
013,536,0,0,1,0
013,537,0,0,1,0
013,538,0,0,1,0
013,539,0,0,1,0
013,540,0,0,1,0
013,541,0,0,1,0
013,542,0,0,1,0
013,543,0,0,1,0
013,544,0,0,1,0
013,545,0,0,1,0
013,546,0,0,1,0
013,547,0,0,1,0
013,548,0,0,1,0
013,549,0,0,1,0
013,550,0,0,1,0
013,551,0,0,1,0
013,552,0,0,1,0
013,553,0,0,1,0
013,554,0,0,1,0
013,555,0,0,1,0
013,556,0,0,1,0
013,557,0,0,1,0
013,558,0,0,1,0
013,559,0,0,1,0
013,560,0,0,1,0
013,561,0,0,1,0
013,562,0,0,1,0
013,563,0,0,1,0
013,564,0,0,1,0
013,565,0,0,1,0
013,566,0,0,1,0
013,567,0,0,1,0
013,568,0,0,1,0
013,569,0,0,1,0
013,570,0,0,1,0
013,571,0,0,1,0
013,572,0,0,1,0
013,573,0,0,1,0
013,574,0,0,1,0
013,575,0,0,1,0
013,576,0,0,1,0
013,577,0,0,1,0
013,578,0,0,1,0
013,579,0,0,1,0
013,580,0,0,1,0
013,581,0,0,1,0
013,582,0,0,1,0
013,583,0,0,1,0
013,584,0,0,1,0
013,585,0,0,1,0
013,586,0,0,1,0
013,587,0,0,0,1
013,588,0,0,0,1
013,589,0,0,0,1
013,590,0,0,0,1
013,591,0,0,0,1
013,592,0,0,0,1
013,593,0,0,0,1
013,594,0,0,0,1
013,595,0,0,0,1
013,596,0,0,0,1
013,597,0,0,0,1
013,598,0,0,0,1
013,599,0,0,0,1
013,600,0,0,0,1
013,601,0,0,0,1
013,602,0,0,0,1
013,603,0,0,0,1
013,604,0,0,0,1
013,605,0,0,0,1
013,606,0,0,0,1
013,607,0,0,0,1
013,608,0,0,0,1
013,609,0,0,0,1
013,610,0,0,0,1
013,611,0,0,0,1
013,612,0,0,0,1
013,613,0,0,0,1
013,614,0,0,0,1
013,615,0,0,0,1
013,616,0,0,0,1
013,617,0,0,0,1
013,618,0,0,0,1
013,619,0,0,0,1
013,620,0,0,0,1
013,621,0,0,0,1
013,622,0,0,0,1
013,623,0,0,0,1
013,624,0,0,0,1
013,625,0,0,0,1
013,626,0,0,0,1
013,627,0,0,0,1
013,628,0,0,0,1
013,629,0,0,0,1
013,630,0,0,0,1
013,631,0,0,0,1
013,632,0,0,0,1
013,633,0,0,0,1
013,634,0,0,0,1
013,635,0,0,0,1
013,636,0,0,0,1
013,637,0,0,0,1
013,638,0,0,0,1
013,639,0,0,0,1
013,640,0,0,0,1
013,641,0,0,0,1
013,642,0,0,0,1
013,643,0,0,0,1
013,644,0,0,0,1
013,645,0,0,0,1
014,1,0,0,0,1
014,2,0,0,0,1
014,3,0,0,0,1
014,4,0,0,0,1
014,5,0,0,0,1
014,6,0,0,0,1
014,7,0,0,0,1
014,8,0,0,0,1
014,9,0,0,0,1
014,10,0,0,0,1
014,11,0,0,0,1
014,12,0,0,0,1
014,13,0,0,0,1
014,14,0,0,0,1
014,15,0,0,0,1
014,16,0,0,0,1
014,17,0,0,0,1
014,18,0,0,0,1
014,19,0,0,0,1
014,20,0,0,0,1
014,21,0,0,0,1
014,22,0,0,0,1
014,23,0,0,0,1
014,24,0,0,0,1
014,25,0,0,0,1
014,26,0,0,0,1
014,27,0,0,0,1
014,28,0,0,0,1
014,29,0,0,0,1
014,30,0,0,0,1
014,31,0,0,0,1
014,32,0,0,0,1
014,33,0,0,0,1
014,34,0,0,0,1
014,35,0,0,0,1
014,36,0,0,0,1
014,37,0,0,0,1
014,38,0,0,0,1
014,39,0,0,0,1
014,40,0,0,0,1
014,41,0,0,0,1
014,42,0,0,0,1
014,43,0,0,0,1
014,44,0,0,0,1
014,45,0,0,0,1
014,46,0,0,0,1
014,47,0,0,0,1
014,48,0,0,0,1
014,49,0,0,0,1
014,50,0,0,0,1
014,51,0,0,0,1
014,52,0,0,0,1
014,53,0,0,0,1
014,54,0,0,0,1
014,55,0,0,0,1
014,56,0,0,0,1
014,57,0,0,0,1
014,58,0,0,0,1
014,59,0,0,0,1
014,60,0,0,0,1
014,61,0,0,0,1
014,62,0,0,0,1
014,63,0,0,0,1
014,64,0,0,0,1
014,65,0,0,0,1
014,66,0,0,0,1
014,67,0,0,0,1
014,68,0,0,0,1
014,69,0,0,0,1
014,70,0,0,0,1
014,71,0,0,0,1
014,72,0,0,0,1
014,73,0,0,0,1
014,74,0,0,0,1
014,75,0,0,0,1
014,76,0,0,0,1
014,77,0,0,0,1
014,78,0,0,0,1
014,79,0,0,0,1
014,80,0,0,0,1
014,81,0,0,0,1
014,82,0,0,0,1
014,83,0,0,0,1
014,84,0,0,0,1
014,85,0,0,0,1
014,86,0,0,0,1
014,87,0,0,0,1
014,88,0,0,0,1
014,89,0,0,0,1
014,90,0,0,0,1
014,91,0,0,0,1
014,92,0,0,0,1
014,93,0,0,0,1
014,94,0,0,0,1
014,95,0,0,0,1
014,96,0,0,0,1
014,97,0,0,0,1
014,98,0,0,0,1
014,99,0,0,0,1
014,100,0,0,0,1
014,101,0,0,0,1
014,102,0,0,0,1
014,103,0,0,0,1
014,104,0,0,0,1
014,105,0,0,0,1
014,106,0,0,0,1
014,107,0,0,0,1
014,108,0,0,0,1
014,109,0,0,0,1
014,110,0,0,0,1
014,111,0,0,0,1
014,112,0,0,0,1
014,113,0,0,0,1
014,114,0,0,0,1
014,115,0,0,0,1
014,116,0,0,0,1
014,117,0,0,0,1
014,118,0,0,0,1
014,119,0,0,0,1
014,120,0,0,0,1
014,121,0,0,0,1
014,122,0,0,0,1
014,123,0,0,0,1
014,124,0,0,0,1
014,125,0,0,0,1
014,126,0,0,0,1
014,127,0,0,0,1
014,128,0,0,0,1
014,129,0,0,0,1
014,130,0,0,0,1
014,131,0,0,0,1
014,132,0,0,0,1
014,133,0,0,0,1
014,134,0,0,0,1
014,135,0,0,0,1
014,136,0,0,0,1
014,137,0,0,0,1
014,138,0,0,0,1
014,139,0,0,0,1
014,140,0,0,0,1
014,141,0,0,0,1
014,142,0,0,0,1
014,143,0,0,0,1
014,144,0,0,0,1
014,145,0,0,0,1
014,146,0,0,0,1
014,147,0,0,0,1
014,148,0,0,0,1
014,149,0,0,0,1
014,150,0,0,0,1
014,151,0,0,0,1
014,152,0,0,0,1
014,153,0,0,0,1
014,154,0,0,0,1
014,155,0,0,0,1
014,156,0,0,0,1
014,157,0,0,0,1
014,158,0,0,0,1
014,159,0,0,0,1
014,160,0,0,0,1
014,161,0,0,0,1
014,162,0,0,0,1
014,163,0,0,0,1
014,164,0,0,0,1
014,165,0,0,0,1
014,166,0,0,0,1
014,167,0,0,0,1
014,168,0,0,0,1
014,169,0,0,0,1
014,170,0,0,0,1
014,171,0,0,0,1
014,172,0,0,0,1
014,173,0,0,0,1
014,174,0,0,0,1
014,175,0,0,0,1
014,176,0,0,0,1
014,177,0,0,0,1
014,178,0,0,0,1
014,179,0,0,0,1
014,180,0,0,0,1
014,181,0,0,0,1
014,182,0,0,0,1
014,183,0,0,0,1
014,184,0,0,0,1
014,185,0,0,0,1
014,186,0,0,0,1
014,187,0,0,0,1
014,188,0,0,0,1
014,189,0,0,0,1
014,190,0,0,0,1
014,191,0,0,0,1
014,192,0,0,0,1
014,193,0,0,0,1
014,194,0,0,0,1
014,195,0,0,0,1
014,196,0,0,0,1
014,197,0,0,0,1
014,198,0,0,0,1
014,199,0,0,0,1
014,200,0,0,0,1
014,201,0,0,0,1
014,202,0,0,0,1
014,203,0,0,0,1
014,204,0,0,0,1
014,205,0,0,0,1
014,206,0,0,0,1
014,207,0,0,0,1
014,208,0,0,0,1
014,209,0,0,0,1
014,210,0,0,0,1
014,211,0,0,0,1
014,212,0,0,0,1
014,213,0,0,0,1
014,214,0,0,0,1
014,215,0,0,0,1
014,216,0,0,0,1
014,217,1,0,0,0
014,218,1,0,0,0
014,219,1,0,0,0
014,220,1,0,0,0
014,221,1,0,0,0
014,222,1,0,0,0
014,223,1,0,0,0
014,224,1,0,0,0
014,225,1,0,0,0
014,226,1,0,0,0
014,227,1,0,0,0
014,228,1,0,0,0
014,229,1,0,0,0
014,230,1,0,0,0
014,231,1,0,0,0
014,232,1,0,0,0
014,233,1,0,0,0
014,234,1,0,0,0
014,235,1,0,0,0
014,236,1,0,0,0
014,237,1,0,0,0
014,238,1,0,0,0
014,239,1,0,0,0
014,240,1,0,0,0
014,241,1,0,0,0
014,242,1,0,0,0
014,243,1,0,0,0
014,244,1,0,0,0
014,245,1,0,0,0
014,246,1,0,0,0
014,247,1,0,0,0
014,248,1,0,0,0
014,249,1,0,0,0
014,250,1,0,0,0
014,251,1,0,0,0
014,252,1,0,0,0
014,253,1,0,0,0
014,254,1,0,0,0
014,255,1,0,0,0
014,256,1,0,0,0
014,257,1,0,0,0
014,258,1,0,0,0
014,259,1,0,0,0
014,260,1,0,0,0
014,261,1,0,0,0
014,262,1,0,0,0
014,263,1,0,0,0
014,264,1,0,0,0
014,265,1,0,0,0
014,266,1,0,0,0
014,267,1,0,0,0
014,268,1,0,0,0
014,269,1,0,0,0
014,270,1,0,0,0
014,271,1,0,0,0
014,272,1,0,0,0
014,273,1,0,0,0
014,274,1,0,0,0
014,275,1,0,0,0
014,276,1,0,0,0
014,277,1,0,0,0
014,278,1,0,0,0
014,279,1,0,0,0
014,280,1,0,0,0
014,281,1,0,0,0
014,282,1,0,0,0
014,283,1,0,0,0
014,284,1,0,0,0
014,285,1,0,0,0
014,286,1,0,0,0
014,287,1,0,0,0
014,288,1,0,0,0
014,289,1,0,0,0
014,290,1,0,0,0
014,291,1,0,0,0
014,292,1,0,0,0
014,293,1,0,0,0
014,294,1,0,0,0
014,295,1,0,0,0
014,296,1,0,0,0
014,297,1,0,0,0
014,298,1,0,0,0
014,299,1,0,0,0
014,300,1,0,0,0
014,301,1,0,0,0
014,302,1,0,0,0
014,303,1,0,0,0
014,304,1,0,0,0
014,305,1,0,0,0
014,306,1,0,0,0
014,307,1,0,0,0
014,308,1,0,0,0
014,309,1,0,0,0
014,310,1,0,0,0
014,311,1,0,0,0
014,312,1,0,0,0
014,313,1,0,0,0
014,314,1,0,0,0
014,315,1,0,0,0
014,316,1,0,0,0
014,317,1,0,0,0
014,318,1,0,0,0
014,319,1,0,0,0
014,320,1,0,0,0
014,321,1,0,0,0
014,322,1,0,0,0
014,323,1,0,0,0
014,324,1,0,0,0
014,325,1,0,0,0
014,326,1,0,0,0
014,327,1,0,0,0
014,328,1,0,0,0
014,329,1,0,0,0
014,330,1,0,0,0
014,331,1,0,0,0
014,332,1,0,0,0
014,333,1,0,0,0
014,334,1,0,0,0
014,335,1,0,0,0
014,336,1,0,0,0
014,337,1,0,0,0
014,338,1,0,0,0
014,339,1,0,0,0
014,340,1,0,0,0
014,341,1,0,0,0
014,342,1,0,0,0
014,343,1,0,0,0
014,344,1,0,0,0
014,345,1,0,0,0
014,346,1,0,0,0
014,347,1,0,0,0
014,348,1,0,0,0
014,349,1,0,0,0
014,350,1,0,0,0
014,351,1,0,0,0
014,352,1,0,0,0
014,353,1,0,0,0
014,354,1,0,0,0
014,355,1,0,0,0
014,356,1,0,0,0
014,357,1,0,0,0
014,358,1,0,0,0
014,359,1,0,0,0
014,360,1,0,0,0
014,361,1,0,0,0
014,362,1,0,0,0
014,363,1,0,0,0
014,364,1,0,0,0
014,365,1,0,0,0
014,366,1,0,0,0
014,367,1,0,0,0
014,368,1,0,0,0
014,369,1,0,0,0
014,370,1,0,0,0
014,371,1,0,0,0
014,372,1,0,0,0
014,373,1,0,0,0
014,374,1,0,0,0
014,375,1,0,0,0
014,376,1,0,0,0
014,377,1,0,0,0
014,378,1,0,0,0
014,379,1,0,0,0
014,380,1,0,0,0
014,381,1,0,0,0
014,382,1,0,0,0
014,383,1,0,0,0
014,384,1,0,0,0
014,385,1,0,0,0
014,386,1,0,0,0
014,387,1,0,0,0
014,388,1,0,0,0
014,389,1,0,0,0
014,390,1,0,0,0
014,391,1,0,0,0
014,392,1,0,0,0
014,393,1,0,0,0
014,394,1,0,0,0
014,395,1,0,0,0
014,396,1,0,0,0
014,397,1,0,0,0
014,398,1,0,0,0
014,399,1,0,0,0
014,400,1,0,0,0
014,401,1,0,0,0
014,402,1,0,0,0
014,403,1,0,0,0
014,404,1,0,0,0
014,405,1,0,0,0
014,406,1,0,0,0
014,407,1,0,0,0
014,408,1,0,0,0
014,409,1,0,0,0
014,410,1,0,0,0
014,411,1,0,0,0
014,412,1,0,0,0
014,413,1,0,0,0
014,414,1,0,0,0
014,415,1,0,0,0
014,416,1,0,0,0
014,417,1,0,0,0
014,418,1,0,0,0
014,419,1,0,0,0
014,420,1,0,0,0
014,421,1,0,0,0
014,422,1,0,0,0
014,423,1,0,0,0
014,424,1,0,0,0
014,425,1,0,0,0
014,426,1,0,0,0
014,427,1,0,0,0
014,428,1,0,0,0
014,429,1,0,0,0
014,430,1,0,0,0
014,431,1,0,0,0
014,432,1,0,0,0
014,433,1,0,0,0
014,434,1,0,0,0
014,435,1,0,0,0
014,436,1,0,0,0
014,437,1,0,0,0
014,438,1,0,0,0
014,439,1,0,0,0
014,440,1,0,0,0
014,441,1,0,0,0
014,442,1,0,0,0
014,443,1,0,0,0
014,444,1,0,0,0
014,445,1,0,0,0
014,446,1,0,0,0
014,447,1,0,0,0
014,448,1,0,0,0
014,449,1,0,0,0
014,450,1,0,0,0
014,451,1,0,0,0
014,452,1,0,0,0
014,453,1,0,0,0
014,454,1,0,0,0
014,455,1,0,0,0
014,456,1,0,0,0
014,457,1,0,0,0
014,458,1,0,0,0
014,459,1,0,0,0
014,460,1,0,0,0
014,461,1,0,0,0
014,462,1,0,0,0
014,463,1,0,0,0
014,464,0,0,0,1
014,465,0,0,0,1
014,466,0,0,0,1
014,467,0,0,0,1
014,468,0,0,0,1
014,469,0,0,0,1
014,470,0,0,0,1
014,471,0,0,0,1
014,472,0,0,0,1
014,473,0,0,0,1
014,474,0,0,0,1
014,475,0,0,0,1
014,476,0,0,0,1
014,477,0,0,0,1
